[
  {
    "province": "กระบี่",
    "district": "คลองท่อม",
    "postcode": "81120"
  },
  {
    "province": "กระบี่",
    "district": "ปลายพระยา",
    "postcode": "81160"
  },
  {
    "province": "กระบี่",
    "district": "ลำทับ",
    "postcode": "81190"
  },
  {
    "province": "กระบี่",
    "district": "อ่าวลึก",
    "postcode": "81110"
  },
  {
    "province": "กระบี่",
    "district": "เกาะลันตา",
    "postcode": "81120"
  },
  {
    "province": "กระบี่",
    "district": "เขาพนม",
    "postcode": "80240"
  },
  {
    "province": "กระบี่",
    "district": "เมืองกระบี่",
    "postcode": "81000"
  },
  {
    "province": "กระบี่",
    "district": "เหนือคลอง",
    "postcode": "81130"
  },
  {
    "province": "กรุงเทพมหานคร",
    "district": "คลองสาน",
    "postcode": "10600"
  },
  {
    "province": "กรุงเทพมหานคร",
    "district": "คลองสามวา",
    "postcode": "10510"
  },
  {
    "province": "กรุงเทพมหานคร",
    "district": "คลองเตย",
    "postcode": "10110"
  },
  {
    "province": "กรุงเทพมหานคร",
    "district": "คันนายาว",
    "postcode": "10230"
  },
  {
    "province": "กรุงเทพมหานคร",
    "district": "จตุจักร",
    "postcode": "10900"
  },
  {
    "province": "กรุงเทพมหานคร",
    "district": "จอมทอง",
    "postcode": "10150"
  },
  {
    "province": "กรุงเทพมหานคร",
    "district": "ดอนเมือง",
    "postcode": "10210"
  },
  {
    "province": "กรุงเทพมหานคร",
    "district": "ดินแดง",
    "postcode": "10400"
  },
  {
    "province": "กรุงเทพมหานคร",
    "district": "ดุสิต",
    "postcode": "10300"
  },
  {
    "province": "กรุงเทพมหานคร",
    "district": "ตลิ่งชัน",
    "postcode": "10170"
  },
  {
    "province": "กรุงเทพมหานคร",
    "district": "ทวีวัฒนา",
    "postcode": "10170"
  },
  {
    "province": "กรุงเทพมหานคร",
    "district": "ทุ่งครุ",
    "postcode": "10140"
  },
  {
    "province": "กรุงเทพมหานคร",
    "district": "ธนบุรี",
    "postcode": "10600"
  },
  {
    "province": "กรุงเทพมหานคร",
    "district": "บางกอกน้อย",
    "postcode": "10700"
  },
  {
    "province": "กรุงเทพมหานคร",
    "district": "บางกอกใหญ่",
    "postcode": "10600"
  },
  {
    "province": "กรุงเทพมหานคร",
    "district": "บางกะปิ",
    "postcode": "10240"
  },
  {
    "province": "กรุงเทพมหานคร",
    "district": "บางขุนเทียน",
    "postcode": "10150"
  },
  {
    "province": "กรุงเทพมหานคร",
    "district": "บางคอแหลม",
    "postcode": "10120"
  },
  {
    "province": "กรุงเทพมหานคร",
    "district": "บางซื่อ",
    "postcode": "10800"
  },
  {
    "province": "กรุงเทพมหานคร",
    "district": "บางนา",
    "postcode": "10260"
  },
  {
    "province": "กรุงเทพมหานคร",
    "district": "บางบอน",
    "postcode": "10150"
  },
  {
    "province": "กรุงเทพมหานคร",
    "district": "บางพลัด",
    "postcode": "10700"
  },
  {
    "province": "กรุงเทพมหานคร",
    "district": "บางรัก",
    "postcode": "10500"
  },
  {
    "province": "กรุงเทพมหานคร",
    "district": "บางเขน",
    "postcode": "10220"
  },
  {
    "province": "กรุงเทพมหานคร",
    "district": "บางแค",
    "postcode": "10160"
  },
  {
    "province": "กรุงเทพมหานคร",
    "district": "บึงกุ่ม",
    "postcode": "10230"
  },
  {
    "province": "กรุงเทพมหานคร",
    "district": "ปทุมวัน",
    "postcode": "10110"
  },
  {
    "province": "กรุงเทพมหานคร",
    "district": "ประเวศ",
    "postcode": "10250"
  },
  {
    "province": "กรุงเทพมหานคร",
    "district": "ป้อมปราบศัตรูพ่าย",
    "postcode": "10100"
  },
  {
    "province": "กรุงเทพมหานคร",
    "district": "พญาไท",
    "postcode": "10400"
  },
  {
    "province": "กรุงเทพมหานคร",
    "district": "พระนคร",
    "postcode": "10200"
  },
  {
    "province": "กรุงเทพมหานคร",
    "district": "พระโขนง",
    "postcode": "10260"
  },
  {
    "province": "กรุงเทพมหานคร",
    "district": "ภาษีเจริญ",
    "postcode": "10160"
  },
  {
    "province": "กรุงเทพมหานคร",
    "district": "มีนบุรี",
    "postcode": "10510"
  },
  {
    "province": "กรุงเทพมหานคร",
    "district": "ยานนาวา",
    "postcode": "10120"
  },
  {
    "province": "กรุงเทพมหานคร",
    "district": "ราชเทวี",
    "postcode": "10400"
  },
  {
    "province": "กรุงเทพมหานคร",
    "district": "ราษฎร์บูรณะ",
    "postcode": "10140"
  },
  {
    "province": "กรุงเทพมหานคร",
    "district": "ลาดกระบัง",
    "postcode": "10520"
  },
  {
    "province": "กรุงเทพมหานคร",
    "district": "ลาดพร้าว",
    "postcode": "10230"
  },
  {
    "province": "กรุงเทพมหานคร",
    "district": "วังทองหลาง",
    "postcode": "10310"
  },
  {
    "province": "กรุงเทพมหานคร",
    "district": "วัฒนา",
    "postcode": "10110"
  },
  {
    "province": "กรุงเทพมหานคร",
    "district": "สวนหลวง",
    "postcode": "10250"
  },
  {
    "province": "กรุงเทพมหานคร",
    "district": "สะพานสูง",
    "postcode": "10240"
  },
  {
    "province": "กรุงเทพมหานคร",
    "district": "สัมพันธวงศ์",
    "postcode": "10100"
  },
  {
    "province": "กรุงเทพมหานคร",
    "district": "สาทร",
    "postcode": "10120"
  },
  {
    "province": "กรุงเทพมหานคร",
    "district": "สายไหม",
    "postcode": "10220"
  },
  {
    "province": "กรุงเทพมหานคร",
    "district": "หนองจอก",
    "postcode": "10530"
  },
  {
    "province": "กรุงเทพมหานคร",
    "district": "หนองแขม",
    "postcode": "10160"
  },
  {
    "province": "กรุงเทพมหานคร",
    "district": "หลักสี่",
    "postcode": "10210"
  },
  {
    "province": "กรุงเทพมหานคร",
    "district": "ห้วยขวาง",
    "postcode": "10310"
  },
  {
    "province": "กาญจนบุรี",
    "district": "ด่านมะขามเตี้ย",
    "postcode": "71260"
  },
  {
    "province": "กาญจนบุรี",
    "district": "ทองผาภูมิ",
    "postcode": "71180"
  },
  {
    "province": "กาญจนบุรี",
    "district": "ท่ามะกา",
    "postcode": "70190"
  },
  {
    "province": "กาญจนบุรี",
    "district": "ท่าม่วง",
    "postcode": "71000"
  },
  {
    "province": "กาญจนบุรี",
    "district": "บ่อพลอย",
    "postcode": "71160"
  },
  {
    "province": "กาญจนบุรี",
    "district": "พนมทวน",
    "postcode": "71140"
  },
  {
    "province": "กาญจนบุรี",
    "district": "ศรีสวัสดิ์",
    "postcode": "71220"
  },
  {
    "province": "กาญจนบุรี",
    "district": "สังขละบุรี",
    "postcode": "71240"
  },
  {
    "province": "กาญจนบุรี",
    "district": "หนองปรือ",
    "postcode": "71220"
  },
  {
    "province": "กาญจนบุรี",
    "district": "ห้วยกระเจา",
    "postcode": "71170"
  },
  {
    "province": "กาญจนบุรี",
    "district": "เมืองกาญจนบุรี",
    "postcode": "71000"
  },
  {
    "province": "กาญจนบุรี",
    "district": "เลาขวัญ",
    "postcode": "71210"
  },
  {
    "province": "กาญจนบุรี",
    "district": "ไทรโยค",
    "postcode": "71150"
  },
  {
    "province": "กาฬสินธุ์",
    "district": "กมลาไสย",
    "postcode": "46130"
  },
  {
    "province": "กาฬสินธุ์",
    "district": "กุฉินารายณ์",
    "postcode": "46110"
  },
  {
    "province": "กาฬสินธุ์",
    "district": "คำม่วง",
    "postcode": "46180"
  },
  {
    "province": "กาฬสินธุ์",
    "district": "ฆ้องชัย",
    "postcode": "46130"
  },
  {
    "province": "กาฬสินธุ์",
    "district": "ดอนจาน",
    "postcode": "46000"
  },
  {
    "province": "กาฬสินธุ์",
    "district": "ท่าคันโท",
    "postcode": "46190"
  },
  {
    "province": "กาฬสินธุ์",
    "district": "นาคู",
    "postcode": "46160"
  },
  {
    "province": "กาฬสินธุ์",
    "district": "นามน",
    "postcode": "46230"
  },
  {
    "province": "กาฬสินธุ์",
    "district": "ยางตลาด",
    "postcode": "46120"
  },
  {
    "province": "กาฬสินธุ์",
    "district": "ร่องคำ",
    "postcode": "46210"
  },
  {
    "province": "กาฬสินธุ์",
    "district": "สมเด็จ",
    "postcode": "46150"
  },
  {
    "province": "กาฬสินธุ์",
    "district": "สหัสขันธ์",
    "postcode": "46140"
  },
  {
    "province": "กาฬสินธุ์",
    "district": "สามชัย",
    "postcode": "46180"
  },
  {
    "province": "กาฬสินธุ์",
    "district": "หนองกุงศรี",
    "postcode": "46220"
  },
  {
    "province": "กาฬสินธุ์",
    "district": "ห้วยผึ้ง",
    "postcode": "46240"
  },
  {
    "province": "กาฬสินธุ์",
    "district": "ห้วยเม็ก",
    "postcode": "46170"
  },
  {
    "province": "กาฬสินธุ์",
    "district": "เขาวง",
    "postcode": "46160"
  },
  {
    "province": "กาฬสินธุ์",
    "district": "เมืองกาฬสินธุ์",
    "postcode": "46000"
  },
  {
    "province": "กำแพงเพชร",
    "district": "ขาณุวรลักษบุรี",
    "postcode": "62130"
  },
  {
    "province": "กำแพงเพชร",
    "district": "คลองขลุง",
    "postcode": "62120"
  },
  {
    "province": "กำแพงเพชร",
    "district": "คลองลาน",
    "postcode": "62180"
  },
  {
    "province": "กำแพงเพชร",
    "district": "ทรายทองวัฒนา",
    "postcode": "62190"
  },
  {
    "province": "กำแพงเพชร",
    "district": "บึงสามัคคี",
    "postcode": "62210"
  },
  {
    "province": "กำแพงเพชร",
    "district": "ปางศิลาทอง",
    "postcode": "62120"
  },
  {
    "province": "กำแพงเพชร",
    "district": "พรานกระต่าย",
    "postcode": "62110"
  },
  {
    "province": "กำแพงเพชร",
    "district": "ลานกระบือ",
    "postcode": "62170"
  },
  {
    "province": "กำแพงเพชร",
    "district": "เมืองกำแพงเพชร",
    "postcode": "62000"
  },
  {
    "province": "กำแพงเพชร",
    "district": "โกสัมพีนคร",
    "postcode": "62000"
  },
  {
    "province": "กำแพงเพชร",
    "district": "ไทรงาม",
    "postcode": "62150"
  },
  {
    "province": "ขอนแก่น",
    "district": "กระนวน",
    "postcode": "40170"
  },
  {
    "province": "ขอนแก่น",
    "district": "ชนบท",
    "postcode": "40180"
  },
  {
    "province": "ขอนแก่น",
    "district": "ชุมแพ",
    "postcode": "40130"
  },
  {
    "province": "ขอนแก่น",
    "district": "ซำสูง",
    "postcode": "40170"
  },
  {
    "province": "ขอนแก่น",
    "district": "น้ำพอง",
    "postcode": "40140"
  },
  {
    "province": "ขอนแก่น",
    "district": "บ้านฝาง",
    "postcode": "40270"
  },
  {
    "province": "ขอนแก่น",
    "district": "บ้านแฮด",
    "postcode": "40110"
  },
  {
    "province": "ขอนแก่น",
    "district": "บ้านไผ่",
    "postcode": "40110"
  },
  {
    "province": "ขอนแก่น",
    "district": "พระยืน",
    "postcode": "40320"
  },
  {
    "province": "ขอนแก่น",
    "district": "พล",
    "postcode": "40120"
  },
  {
    "province": "ขอนแก่น",
    "district": "ภูผาม่าน",
    "postcode": "40350"
  },
  {
    "province": "ขอนแก่น",
    "district": "ภูเวียง",
    "postcode": "40150"
  },
  {
    "province": "ขอนแก่น",
    "district": "มัญจาคีรี",
    "postcode": "40160"
  },
  {
    "province": "ขอนแก่น",
    "district": "สีชมพู",
    "postcode": "40220"
  },
  {
    "province": "ขอนแก่น",
    "district": "หนองนาคำ",
    "postcode": "40150"
  },
  {
    "province": "ขอนแก่น",
    "district": "หนองสองห้อง",
    "postcode": "40190"
  },
  {
    "province": "ขอนแก่น",
    "district": "หนองเรือ",
    "postcode": "40210"
  },
  {
    "province": "ขอนแก่น",
    "district": "อุบลรัตน์",
    "postcode": "40250"
  },
  {
    "province": "ขอนแก่น",
    "district": "เขาสวนกวาง",
    "postcode": "40280"
  },
  {
    "province": "ขอนแก่น",
    "district": "เปือยน้อย",
    "postcode": "40340"
  },
  {
    "province": "ขอนแก่น",
    "district": "เมืองขอนแก่น",
    "postcode": "40000"
  },
  {
    "province": "ขอนแก่น",
    "district": "เวียงเก่า",
    "postcode": "40150"
  },
  {
    "province": "ขอนแก่น",
    "district": "แวงน้อย",
    "postcode": "40230"
  },
  {
    "province": "ขอนแก่น",
    "district": "แวงใหญ่",
    "postcode": "40330"
  },
  {
    "province": "ขอนแก่น",
    "district": "โคกโพธิ์ไชย",
    "postcode": "40160"
  },
  {
    "province": "ขอนแก่น",
    "district": "โนนศิลา",
    "postcode": "40110"
  },
  {
    "province": "จันทบุรี",
    "district": "ขลุง",
    "postcode": "22110"
  },
  {
    "province": "จันทบุรี",
    "district": "ท่าใหม่",
    "postcode": "22120"
  },
  {
    "province": "จันทบุรี",
    "district": "นายายอาม",
    "postcode": "22160"
  },
  {
    "province": "จันทบุรี",
    "district": "มะขาม",
    "postcode": "22150"
  },
  {
    "province": "จันทบุรี",
    "district": "สอยดาว",
    "postcode": "22180"
  },
  {
    "province": "จันทบุรี",
    "district": "เขาคิชฌกูฏ",
    "postcode": "22210"
  },
  {
    "province": "จันทบุรี",
    "district": "เมืองจันทบุรี",
    "postcode": "22000"
  },
  {
    "province": "จันทบุรี",
    "district": "แก่งหางแมว",
    "postcode": "22160"
  },
  {
    "province": "จันทบุรี",
    "district": "แหลมสิงห์",
    "postcode": "22120"
  },
  {
    "province": "จันทบุรี",
    "district": "โป่งน้ำร้อน",
    "postcode": "22140"
  },
  {
    "province": "ฉะเชิงเทรา",
    "district": "คลองเขื่อน",
    "postcode": "24000"
  },
  {
    "province": "ฉะเชิงเทรา",
    "district": "ท่าตะเกียบ",
    "postcode": "24160"
  },
  {
    "province": "ฉะเชิงเทรา",
    "district": "บางคล้า",
    "postcode": "24110"
  },
  {
    "province": "ฉะเชิงเทรา",
    "district": "บางน้ำเปรี้ยว",
    "postcode": "24000"
  },
  {
    "province": "ฉะเชิงเทรา",
    "district": "บางปะกง",
    "postcode": "24130"
  },
  {
    "province": "ฉะเชิงเทรา",
    "district": "บ้านโพธิ์",
    "postcode": "24140"
  },
  {
    "province": "ฉะเชิงเทรา",
    "district": "พนมสารคาม",
    "postcode": "24120"
  },
  {
    "province": "ฉะเชิงเทรา",
    "district": "ราชสาส์น",
    "postcode": "24120"
  },
  {
    "province": "ฉะเชิงเทรา",
    "district": "สนามชัยเขต",
    "postcode": "24160"
  },
  {
    "province": "ฉะเชิงเทรา",
    "district": "เมืองฉะเชิงเทรา",
    "postcode": "24000"
  },
  {
    "province": "ฉะเชิงเทรา",
    "district": "แปลงยาว",
    "postcode": "24190"
  },
  {
    "province": "ชลบุรี",
    "district": "บางละมุง",
    "postcode": "20150"
  },
  {
    "province": "ชลบุรี",
    "district": "บ่อทอง",
    "postcode": "20270"
  },
  {
    "province": "ชลบุรี",
    "district": "บ้านบึง",
    "postcode": "20170"
  },
  {
    "province": "ชลบุรี",
    "district": "พนัสนิคม",
    "postcode": "20140"
  },
  {
    "province": "ชลบุรี",
    "district": "พานทอง",
    "postcode": "20000"
  },
  {
    "province": "ชลบุรี",
    "district": "ศรีราชา",
    "postcode": "20110"
  },
  {
    "province": "ชลบุรี",
    "district": "สัตหีบ",
    "postcode": "20180"
  },
  {
    "province": "ชลบุรี",
    "district": "หนองใหญ่",
    "postcode": "20190"
  },
  {
    "province": "ชลบุรี",
    "district": "เกาะจันทร์",
    "postcode": "20240"
  },
  {
    "province": "ชลบุรี",
    "district": "เกาะสีชัง",
    "postcode": "20120"
  },
  {
    "province": "ชลบุรี",
    "district": "เมืองชลบุรี",
    "postcode": "20000"
  },
  {
    "province": "ชัยนาท",
    "district": "มโนรมย์",
    "postcode": "17110"
  },
  {
    "province": "ชัยนาท",
    "district": "วัดสิงห์",
    "postcode": "17120"
  },
  {
    "province": "ชัยนาท",
    "district": "สรรคบุรี",
    "postcode": "17140"
  },
  {
    "province": "ชัยนาท",
    "district": "สรรพยา",
    "postcode": "17150"
  },
  {
    "province": "ชัยนาท",
    "district": "หนองมะโมง",
    "postcode": "17120"
  },
  {
    "province": "ชัยนาท",
    "district": "หันคา",
    "postcode": "17130"
  },
  {
    "province": "ชัยนาท",
    "district": "เนินขาม",
    "postcode": "17130"
  },
  {
    "province": "ชัยนาท",
    "district": "เมืองชัยนาท",
    "postcode": "17000"
  },
  {
    "province": "ชัยภูมิ",
    "district": "คอนสวรรค์",
    "postcode": "36140"
  },
  {
    "province": "ชัยภูมิ",
    "district": "คอนสาร",
    "postcode": "36180"
  },
  {
    "province": "ชัยภูมิ",
    "district": "จัตุรัส",
    "postcode": "36130"
  },
  {
    "province": "ชัยภูมิ",
    "district": "ซับใหญ่",
    "postcode": "36130"
  },
  {
    "province": "ชัยภูมิ",
    "district": "บำเหน็จณรงค์",
    "postcode": "36160"
  },
  {
    "province": "ชัยภูมิ",
    "district": "บ้านเขว้า",
    "postcode": "36170"
  },
  {
    "province": "ชัยภูมิ",
    "district": "บ้านแท่น",
    "postcode": "36190"
  },
  {
    "province": "ชัยภูมิ",
    "district": "ภักดีชุมพล",
    "postcode": "36260"
  },
  {
    "province": "ชัยภูมิ",
    "district": "ภูเขียว",
    "postcode": "36110"
  },
  {
    "province": "ชัยภูมิ",
    "district": "หนองบัวระเหว",
    "postcode": "36250"
  },
  {
    "province": "ชัยภูมิ",
    "district": "หนองบัวแดง",
    "postcode": "36210"
  },
  {
    "province": "ชัยภูมิ",
    "district": "เกษตรสมบูรณ์",
    "postcode": "36120"
  },
  {
    "province": "ชัยภูมิ",
    "district": "เทพสถิต",
    "postcode": "36230"
  },
  {
    "province": "ชัยภูมิ",
    "district": "เนินสง่า",
    "postcode": "36130"
  },
  {
    "province": "ชัยภูมิ",
    "district": "เมืองชัยภูมิ",
    "postcode": "36000"
  },
  {
    "province": "ชัยภูมิ",
    "district": "แก้งคร้อ",
    "postcode": "36150"
  },
  {
    "province": "ชุมพร",
    "district": "ทุ่งตะโก",
    "postcode": "86220"
  },
  {
    "province": "ชุมพร",
    "district": "ท่าแซะ",
    "postcode": "86140"
  },
  {
    "province": "ชุมพร",
    "district": "ปะทิว",
    "postcode": "86160"
  },
  {
    "province": "ชุมพร",
    "district": "พะโต๊ะ",
    "postcode": "86180"
  },
  {
    "province": "ชุมพร",
    "district": "ละแม",
    "postcode": "86170"
  },
  {
    "province": "ชุมพร",
    "district": "สวี",
    "postcode": "86130"
  },
  {
    "province": "ชุมพร",
    "district": "หลังสวน",
    "postcode": "86110"
  },
  {
    "province": "ชุมพร",
    "district": "เมืองชุมพร",
    "postcode": "86000"
  },
  {
    "province": "ตรัง",
    "district": "กันตัง",
    "postcode": "92110"
  },
  {
    "province": "ตรัง",
    "district": "นาโยง",
    "postcode": "92170"
  },
  {
    "province": "ตรัง",
    "district": "ปะเหลียน",
    "postcode": "92120"
  },
  {
    "province": "ตรัง",
    "district": "ย่านตาขาว",
    "postcode": "92140"
  },
  {
    "province": "ตรัง",
    "district": "รัษฎา",
    "postcode": "92130"
  },
  {
    "province": "ตรัง",
    "district": "วังวิเศษ",
    "postcode": "92000"
  },
  {
    "province": "ตรัง",
    "district": "สิเกา",
    "postcode": "92000"
  },
  {
    "province": "ตรัง",
    "district": "หาดสำราญ",
    "postcode": "92120"
  },
  {
    "province": "ตรัง",
    "district": "ห้วยยอด",
    "postcode": "92130"
  },
  {
    "province": "ตรัง",
    "district": "เมืองตรัง",
    "postcode": "92000"
  },
  {
    "province": "ตราด",
    "district": "คลองใหญ่",
    "postcode": "23110"
  },
  {
    "province": "ตราด",
    "district": "บ่อไร่",
    "postcode": "23140"
  },
  {
    "province": "ตราด",
    "district": "เกาะกูด",
    "postcode": "23000"
  },
  {
    "province": "ตราด",
    "district": "เกาะช้าง",
    "postcode": "23170"
  },
  {
    "province": "ตราด",
    "district": "เขาสมิง",
    "postcode": "23130"
  },
  {
    "province": "ตราด",
    "district": "เมืองตราด",
    "postcode": "23000"
  },
  {
    "province": "ตราด",
    "district": "แหลมงอบ",
    "postcode": "23120"
  },
  {
    "province": "ตาก",
    "district": "ท่าสองยาง",
    "postcode": "63150"
  },
  {
    "province": "ตาก",
    "district": "บ้านตาก",
    "postcode": "63120"
  },
  {
    "province": "ตาก",
    "district": "พบพระ",
    "postcode": "63160"
  },
  {
    "province": "ตาก",
    "district": "วังเจ้า",
    "postcode": "63180"
  },
  {
    "province": "ตาก",
    "district": "สามเงา",
    "postcode": "63130"
  },
  {
    "province": "ตาก",
    "district": "อุ้มผาง",
    "postcode": "63170"
  },
  {
    "province": "ตาก",
    "district": "เมืองตาก",
    "postcode": "63000"
  },
  {
    "province": "ตาก",
    "district": "แม่ระมาด",
    "postcode": "63140"
  },
  {
    "province": "ตาก",
    "district": "แม่สอด",
    "postcode": "63110"
  },
  {
    "province": "นครนายก",
    "district": "บ้านนา",
    "postcode": "26110"
  },
  {
    "province": "นครนายก",
    "district": "ปากพลี",
    "postcode": "26130"
  },
  {
    "province": "นครนายก",
    "district": "องครักษ์",
    "postcode": "26120"
  },
  {
    "province": "นครนายก",
    "district": "เมืองนครนายก",
    "postcode": "26000"
  },
  {
    "province": "นครปฐม",
    "district": "กำแพงแสน",
    "postcode": "73140"
  },
  {
    "province": "นครปฐม",
    "district": "ดอนตูม",
    "postcode": "73150"
  },
  {
    "province": "นครปฐม",
    "district": "นครชัยศรี",
    "postcode": "73120"
  },
  {
    "province": "นครปฐม",
    "district": "บางเลน",
    "postcode": "73130"
  },
  {
    "province": "นครปฐม",
    "district": "พุทธมณฑล",
    "postcode": "73170"
  },
  {
    "province": "นครปฐม",
    "district": "สามพราน",
    "postcode": "73110"
  },
  {
    "province": "นครปฐม",
    "district": "เมืองนครปฐม",
    "postcode": "73000"
  },
  {
    "province": "นครพนม",
    "district": "ท่าอุเทน",
    "postcode": "48120"
  },
  {
    "province": "นครพนม",
    "district": "ธาตุพนม",
    "postcode": "48110"
  },
  {
    "province": "นครพนม",
    "district": "นาทม",
    "postcode": "48140"
  },
  {
    "province": "นครพนม",
    "district": "นาหว้า",
    "postcode": "48180"
  },
  {
    "province": "นครพนม",
    "district": "นาแก",
    "postcode": "48130"
  },
  {
    "province": "นครพนม",
    "district": "บ้านแพง",
    "postcode": "48140"
  },
  {
    "province": "นครพนม",
    "district": "ปลาปาก",
    "postcode": "48160"
  },
  {
    "province": "นครพนม",
    "district": "วังยาง",
    "postcode": "48130"
  },
  {
    "province": "นครพนม",
    "district": "ศรีสงคราม",
    "postcode": "48150"
  },
  {
    "province": "นครพนม",
    "district": "เมืองนครพนม",
    "postcode": "48000"
  },
  {
    "province": "นครพนม",
    "district": "เรณูนคร",
    "postcode": "48170"
  },
  {
    "province": "นครพนม",
    "district": "โพนสวรรค์",
    "postcode": "48190"
  },
  {
    "province": "นครราชสีมา",
    "district": "ขามทะเลสอ",
    "postcode": "30280"
  },
  {
    "province": "นครราชสีมา",
    "district": "ขามสะแกแสง",
    "postcode": "30290"
  },
  {
    "province": "นครราชสีมา",
    "district": "คง",
    "postcode": "30260"
  },
  {
    "province": "นครราชสีมา",
    "district": "ครบุรี",
    "postcode": "30250"
  },
  {
    "province": "นครราชสีมา",
    "district": "จักราช",
    "postcode": "30230"
  },
  {
    "province": "นครราชสีมา",
    "district": "ชุมพวง",
    "postcode": "30270"
  },
  {
    "province": "นครราชสีมา",
    "district": "ด่านขุนทด",
    "postcode": "30210"
  },
  {
    "province": "นครราชสีมา",
    "district": "บัวลาย",
    "postcode": "30120"
  },
  {
    "province": "นครราชสีมา",
    "district": "บัวใหญ่",
    "postcode": "30120"
  },
  {
    "province": "นครราชสีมา",
    "district": "บ้านเหลื่อม",
    "postcode": "30350"
  },
  {
    "province": "นครราชสีมา",
    "district": "ประทาย",
    "postcode": "30180"
  },
  {
    "province": "นครราชสีมา",
    "district": "ปักธงชัย",
    "postcode": "30150"
  },
  {
    "province": "นครราชสีมา",
    "district": "ปากช่อง",
    "postcode": "30130"
  },
  {
    "province": "นครราชสีมา",
    "district": "พระทองคำ",
    "postcode": "30220"
  },
  {
    "province": "นครราชสีมา",
    "district": "พิมาย",
    "postcode": "30110"
  },
  {
    "province": "นครราชสีมา",
    "district": "ลำทะเมนชัย",
    "postcode": "30270"
  },
  {
    "province": "นครราชสีมา",
    "district": "วังน้ำเขียว",
    "postcode": "30150"
  },
  {
    "province": "นครราชสีมา",
    "district": "สีคิ้ว",
    "postcode": "30140"
  },
  {
    "province": "นครราชสีมา",
    "district": "สีดา",
    "postcode": "30430"
  },
  {
    "province": "นครราชสีมา",
    "district": "สูงเนิน",
    "postcode": "30170"
  },
  {
    "province": "นครราชสีมา",
    "district": "หนองบุญมาก",
    "postcode": "30410"
  },
  {
    "province": "นครราชสีมา",
    "district": "ห้วยแถลง",
    "postcode": "30240"
  },
  {
    "province": "นครราชสีมา",
    "district": "เฉลิมพระเกียรติ",
    "postcode": "30000"
  },
  {
    "province": "นครราชสีมา",
    "district": "เทพารักษ์",
    "postcode": "30210"
  },
  {
    "province": "นครราชสีมา",
    "district": "เมืองนครราชสีมา",
    "postcode": "30000"
  },
  {
    "province": "นครราชสีมา",
    "district": "เมืองยาง",
    "postcode": "30270"
  },
  {
    "province": "นครราชสีมา",
    "district": "เสิงสาง",
    "postcode": "30330"
  },
  {
    "province": "นครราชสีมา",
    "district": "แก้งสนามนาง",
    "postcode": "30440"
  },
  {
    "province": "นครราชสีมา",
    "district": "โชคชัย",
    "postcode": "30190"
  },
  {
    "province": "นครราชสีมา",
    "district": "โนนสูง",
    "postcode": "30160"
  },
  {
    "province": "นครราชสีมา",
    "district": "โนนแดง",
    "postcode": "30360"
  },
  {
    "province": "นครราชสีมา",
    "district": "โนนไทย",
    "postcode": "30220"
  },
  {
    "province": "นครศรีธรรมราช",
    "district": "ขนอม",
    "postcode": "80210"
  },
  {
    "province": "นครศรีธรรมราช",
    "district": "จุฬาภรณ์",
    "postcode": "80130"
  },
  {
    "province": "นครศรีธรรมราช",
    "district": "ฉวาง",
    "postcode": "80150"
  },
  {
    "province": "นครศรีธรรมราช",
    "district": "ชะอวด",
    "postcode": "80180"
  },
  {
    "province": "นครศรีธรรมราช",
    "district": "ช้างกลาง",
    "postcode": "80220"
  },
  {
    "province": "นครศรีธรรมราช",
    "district": "ถ้ำพรรณรา",
    "postcode": "80260"
  },
  {
    "province": "นครศรีธรรมราช",
    "district": "ทุ่งสง",
    "postcode": "80110"
  },
  {
    "province": "นครศรีธรรมราช",
    "district": "ทุ่งใหญ่",
    "postcode": "80240"
  },
  {
    "province": "นครศรีธรรมราช",
    "district": "ท่าศาลา",
    "postcode": "80160"
  },
  {
    "province": "นครศรีธรรมราช",
    "district": "นบพิตำ",
    "postcode": "80160"
  },
  {
    "province": "นครศรีธรรมราช",
    "district": "นาบอน",
    "postcode": "80220"
  },
  {
    "province": "นครศรีธรรมราช",
    "district": "บางขัน",
    "postcode": "80360"
  },
  {
    "province": "นครศรีธรรมราช",
    "district": "ปากพนัง",
    "postcode": "80140"
  },
  {
    "province": "นครศรีธรรมราช",
    "district": "พรหมคีรี",
    "postcode": "80320"
  },
  {
    "province": "นครศรีธรรมราช",
    "district": "พระพรหม",
    "postcode": "80000"
  },
  {
    "province": "นครศรีธรรมราช",
    "district": "พิปูน",
    "postcode": "80270"
  },
  {
    "province": "นครศรีธรรมราช",
    "district": "ร่อนพิบูลย์",
    "postcode": "80130"
  },
  {
    "province": "นครศรีธรรมราช",
    "district": "ลานสกา",
    "postcode": "80230"
  },
  {
    "province": "นครศรีธรรมราช",
    "district": "สิชล",
    "postcode": "80120"
  },
  {
    "province": "นครศรีธรรมราช",
    "district": "หัวไทร",
    "postcode": "80170"
  },
  {
    "province": "นครศรีธรรมราช",
    "district": "เฉลิมพระเกียรติ",
    "postcode": "80190"
  },
  {
    "province": "นครศรีธรรมราช",
    "district": "เชียรใหญ่",
    "postcode": "80190"
  },
  {
    "province": "นครศรีธรรมราช",
    "district": "เมืองนครศรีธรรมราช",
    "postcode": "80000"
  },
  {
    "province": "นครสวรรค์",
    "district": "ชุมตาบง",
    "postcode": "60150"
  },
  {
    "province": "นครสวรรค์",
    "district": "ชุมแสง",
    "postcode": "60120"
  },
  {
    "province": "นครสวรรค์",
    "district": "ตากฟ้า",
    "postcode": "60190"
  },
  {
    "province": "นครสวรรค์",
    "district": "ตาคลี",
    "postcode": "60140"
  },
  {
    "province": "นครสวรรค์",
    "district": "ท่าตะโก",
    "postcode": "60160"
  },
  {
    "province": "นครสวรรค์",
    "district": "บรรพตพิสัย",
    "postcode": "60180"
  },
  {
    "province": "นครสวรรค์",
    "district": "พยุหะคีรี",
    "postcode": "60130"
  },
  {
    "province": "นครสวรรค์",
    "district": "ลาดยาว",
    "postcode": "60150"
  },
  {
    "province": "นครสวรรค์",
    "district": "หนองบัว",
    "postcode": "60110"
  },
  {
    "province": "นครสวรรค์",
    "district": "เก้าเลี้ยว",
    "postcode": "60230"
  },
  {
    "province": "นครสวรรค์",
    "district": "เมืองนครสวรรค์",
    "postcode": "60000"
  },
  {
    "province": "นครสวรรค์",
    "district": "แม่วงก์",
    "postcode": "60150"
  },
  {
    "province": "นครสวรรค์",
    "district": "แม่เปิน",
    "postcode": "60150"
  },
  {
    "province": "นครสวรรค์",
    "district": "โกรกพระ",
    "postcode": "60170"
  },
  {
    "province": "นครสวรรค์",
    "district": "ไพศาลี",
    "postcode": "60220"
  },
  {
    "province": "นนทบุรี",
    "district": "บางกรวย",
    "postcode": "11130"
  },
  {
    "province": "นนทบุรี",
    "district": "บางบัวทอง",
    "postcode": "11110"
  },
  {
    "province": "นนทบุรี",
    "district": "บางใหญ่",
    "postcode": "11140"
  },
  {
    "province": "นนทบุรี",
    "district": "ปากเกร็ด",
    "postcode": "11120"
  },
  {
    "province": "นนทบุรี",
    "district": "เมืองนนทบุรี",
    "postcode": "11000"
  },
  {
    "province": "นนทบุรี",
    "district": "ไทรน้อย",
    "postcode": "11150"
  },
  {
    "province": "นราธิวาส",
    "district": "จะแนะ",
    "postcode": "96220"
  },
  {
    "province": "นราธิวาส",
    "district": "ตากใบ",
    "postcode": "96110"
  },
  {
    "province": "นราธิวาส",
    "district": "บาเจาะ",
    "postcode": "96170"
  },
  {
    "province": "นราธิวาส",
    "district": "ยี่งอ",
    "postcode": "96180"
  },
  {
    "province": "นราธิวาส",
    "district": "ระแงะ",
    "postcode": "96130"
  },
  {
    "province": "นราธิวาส",
    "district": "รือเสาะ",
    "postcode": "96150"
  },
  {
    "province": "นราธิวาส",
    "district": "ศรีสาคร",
    "postcode": "96210"
  },
  {
    "province": "นราธิวาส",
    "district": "สุคิริน",
    "postcode": "96190"
  },
  {
    "province": "นราธิวาส",
    "district": "สุไหงปาดี",
    "postcode": "96140"
  },
  {
    "province": "นราธิวาส",
    "district": "สุไหงโก-ลก",
    "postcode": "96120"
  },
  {
    "province": "นราธิวาส",
    "district": "เจาะไอร้อง",
    "postcode": "96130"
  },
  {
    "province": "นราธิวาส",
    "district": "เมืองนราธิวาส",
    "postcode": "96000"
  },
  {
    "province": "นราธิวาส",
    "district": "แว้ง",
    "postcode": "96160"
  },
  {
    "province": "น่าน",
    "district": "ทุ่งช้าง",
    "postcode": "55130"
  },
  {
    "province": "น่าน",
    "district": "ท่าวังผา",
    "postcode": "55140"
  },
  {
    "province": "น่าน",
    "district": "นาน้อย",
    "postcode": "55150"
  },
  {
    "province": "น่าน",
    "district": "นาหมื่น",
    "postcode": "55180"
  },
  {
    "province": "น่าน",
    "district": "บ่อเกลือ",
    "postcode": "55220"
  },
  {
    "province": "น่าน",
    "district": "บ้านหลวง",
    "postcode": "55190"
  },
  {
    "province": "น่าน",
    "district": "ปัว",
    "postcode": "55120"
  },
  {
    "province": "น่าน",
    "district": "ภูเพียง",
    "postcode": "55000"
  },
  {
    "province": "น่าน",
    "district": "สองแคว",
    "postcode": "55160"
  },
  {
    "province": "น่าน",
    "district": "สันติสุข",
    "postcode": "55210"
  },
  {
    "province": "น่าน",
    "district": "เฉลิมพระเกียรติ",
    "postcode": "55130"
  },
  {
    "province": "น่าน",
    "district": "เชียงกลาง",
    "postcode": "55160"
  },
  {
    "province": "น่าน",
    "district": "เมืองน่าน",
    "postcode": "55000"
  },
  {
    "province": "น่าน",
    "district": "เวียงสา",
    "postcode": "55110"
  },
  {
    "province": "น่าน",
    "district": "แม่จริม",
    "postcode": "55170"
  },
  {
    "province": "บึงกาฬ",
    "district": "บึงโขงหลง",
    "postcode": "38220"
  },
  {
    "province": "บึงกาฬ",
    "district": "บุ่งคล้า",
    "postcode": "38000"
  },
  {
    "province": "บึงกาฬ",
    "district": "ปากคาด",
    "postcode": "38190"
  },
  {
    "province": "บึงกาฬ",
    "district": "พรเจริญ",
    "postcode": "38180"
  },
  {
    "province": "บึงกาฬ",
    "district": "ศรีวิไล",
    "postcode": "38210"
  },
  {
    "province": "บึงกาฬ",
    "district": "เซกา",
    "postcode": "38150"
  },
  {
    "province": "บึงกาฬ",
    "district": "เมืองบึงกาฬ",
    "postcode": "38000"
  },
  {
    "province": "บึงกาฬ",
    "district": "โซ่พิสัย",
    "postcode": "38170"
  },
  {
    "province": "บุรีรัมย์",
    "district": "กระสัง",
    "postcode": "31160"
  },
  {
    "province": "บุรีรัมย์",
    "district": "คูเมือง",
    "postcode": "31190"
  },
  {
    "province": "บุรีรัมย์",
    "district": "ชำนิ",
    "postcode": "31110"
  },
  {
    "province": "บุรีรัมย์",
    "district": "นางรอง",
    "postcode": "31110"
  },
  {
    "province": "บุรีรัมย์",
    "district": "นาโพธิ์",
    "postcode": "31230"
  },
  {
    "province": "บุรีรัมย์",
    "district": "บ้านกรวด",
    "postcode": "31180"
  },
  {
    "province": "บุรีรัมย์",
    "district": "บ้านด่าน",
    "postcode": "31000"
  },
  {
    "province": "บุรีรัมย์",
    "district": "บ้านใหม่ไชยพจน์",
    "postcode": "31120"
  },
  {
    "province": "บุรีรัมย์",
    "district": "ประโคนชัย",
    "postcode": "31140"
  },
  {
    "province": "บุรีรัมย์",
    "district": "ปะคำ",
    "postcode": "31220"
  },
  {
    "province": "บุรีรัมย์",
    "district": "พลับพลาชัย",
    "postcode": "31250"
  },
  {
    "province": "บุรีรัมย์",
    "district": "พุทไธสง",
    "postcode": "31120"
  },
  {
    "province": "บุรีรัมย์",
    "district": "ละหานทราย",
    "postcode": "31170"
  },
  {
    "province": "บุรีรัมย์",
    "district": "ลำปลายมาศ",
    "postcode": "31130"
  },
  {
    "province": "บุรีรัมย์",
    "district": "สตึก",
    "postcode": "31150"
  },
  {
    "province": "บุรีรัมย์",
    "district": "หนองกี่",
    "postcode": "31210"
  },
  {
    "province": "บุรีรัมย์",
    "district": "หนองหงส์",
    "postcode": "31240"
  },
  {
    "province": "บุรีรัมย์",
    "district": "ห้วยราช",
    "postcode": "31000"
  },
  {
    "province": "บุรีรัมย์",
    "district": "เฉลิมพระเกียรติ",
    "postcode": "31110"
  },
  {
    "province": "บุรีรัมย์",
    "district": "เมืองบุรีรัมย์",
    "postcode": "31000"
  },
  {
    "province": "บุรีรัมย์",
    "district": "แคนดง",
    "postcode": "31150"
  },
  {
    "province": "บุรีรัมย์",
    "district": "โนนดินแดง",
    "postcode": "31260"
  },
  {
    "province": "บุรีรัมย์",
    "district": "โนนสุวรรณ",
    "postcode": "31110"
  },
  {
    "province": "ปทุมธานี",
    "district": "คลองหลวง",
    "postcode": "12110"
  },
  {
    "province": "ปทุมธานี",
    "district": "ธัญบุรี",
    "postcode": "12110"
  },
  {
    "province": "ปทุมธานี",
    "district": "ลาดหลุมแก้ว",
    "postcode": "12140"
  },
  {
    "province": "ปทุมธานี",
    "district": "ลำลูกกา",
    "postcode": "12130"
  },
  {
    "province": "ปทุมธานี",
    "district": "สามโคก",
    "postcode": "12160"
  },
  {
    "province": "ปทุมธานี",
    "district": "หนองเสือ",
    "postcode": "12170"
  },
  {
    "province": "ปทุมธานี",
    "district": "เมืองปทุมธานี",
    "postcode": "12000"
  },
  {
    "province": "ประจวบคีรีขันธ์",
    "district": "กุยบุรี",
    "postcode": "77150"
  },
  {
    "province": "ประจวบคีรีขันธ์",
    "district": "ทับสะแก",
    "postcode": "77130"
  },
  {
    "province": "ประจวบคีรีขันธ์",
    "district": "บางสะพาน",
    "postcode": "77140"
  },
  {
    "province": "ประจวบคีรีขันธ์",
    "district": "บางสะพานน้อย",
    "postcode": "77170"
  },
  {
    "province": "ประจวบคีรีขันธ์",
    "district": "ปราณบุรี",
    "postcode": "77120"
  },
  {
    "province": "ประจวบคีรีขันธ์",
    "district": "สามร้อยยอด",
    "postcode": "77120"
  },
  {
    "province": "ประจวบคีรีขันธ์",
    "district": "หัวหิน",
    "postcode": "77110"
  },
  {
    "province": "ประจวบคีรีขันธ์",
    "district": "เมืองประจวบคีรีขันธ์",
    "postcode": "77000"
  },
  {
    "province": "ปราจีนบุรี",
    "district": "กบินทร์บุรี",
    "postcode": "25110"
  },
  {
    "province": "ปราจีนบุรี",
    "district": "นาดี",
    "postcode": "25220"
  },
  {
    "province": "ปราจีนบุรี",
    "district": "บ้านสร้าง",
    "postcode": "25150"
  },
  {
    "province": "ปราจีนบุรี",
    "district": "ประจันตคาม",
    "postcode": "25130"
  },
  {
    "province": "ปราจีนบุรี",
    "district": "ศรีมหาโพธิ",
    "postcode": "25140"
  },
  {
    "province": "ปราจีนบุรี",
    "district": "ศรีมโหสถ",
    "postcode": "25190"
  },
  {
    "province": "ปราจีนบุรี",
    "district": "เมืองปราจีนบุรี",
    "postcode": "25000"
  },
  {
    "province": "ปัตตานี",
    "district": "กะพ้อ",
    "postcode": "94230"
  },
  {
    "province": "ปัตตานี",
    "district": "ทุ่งยางแดง",
    "postcode": "94140"
  },
  {
    "province": "ปัตตานี",
    "district": "ปะนาเระ",
    "postcode": "94130"
  },
  {
    "province": "ปัตตานี",
    "district": "มายอ",
    "postcode": "94140"
  },
  {
    "province": "ปัตตานี",
    "district": "ยะรัง",
    "postcode": "94160"
  },
  {
    "province": "ปัตตานี",
    "district": "ยะหริ่ง",
    "postcode": "94150"
  },
  {
    "province": "ปัตตานี",
    "district": "สายบุรี",
    "postcode": "94110"
  },
  {
    "province": "ปัตตานี",
    "district": "หนองจิก",
    "postcode": "94170"
  },
  {
    "province": "ปัตตานี",
    "district": "เมืองปัตตานี",
    "postcode": "94000"
  },
  {
    "province": "ปัตตานี",
    "district": "แม่ลาน",
    "postcode": "94180"
  },
  {
    "province": "ปัตตานี",
    "district": "โคกโพธิ์",
    "postcode": "94120"
  },
  {
    "province": "ปัตตานี",
    "district": "ไม้แก่น",
    "postcode": "94220"
  },
  {
    "province": "พระนครศรีอยุธยา",
    "district": "ท่าเรือ",
    "postcode": "13130"
  },
  {
    "province": "พระนครศรีอยุธยา",
    "district": "นครหลวง",
    "postcode": "13260"
  },
  {
    "province": "พระนครศรีอยุธยา",
    "district": "บางซ้าย",
    "postcode": "13270"
  },
  {
    "province": "พระนครศรีอยุธยา",
    "district": "บางบาล",
    "postcode": "13250"
  },
  {
    "province": "พระนครศรีอยุธยา",
    "district": "บางปะหัน",
    "postcode": "13220"
  },
  {
    "province": "พระนครศรีอยุธยา",
    "district": "บางปะอิน",
    "postcode": "13160"
  },
  {
    "province": "พระนครศรีอยุธยา",
    "district": "บางไทร",
    "postcode": "13190"
  },
  {
    "province": "พระนครศรีอยุธยา",
    "district": "บ้านแพรก",
    "postcode": "13240"
  },
  {
    "province": "พระนครศรีอยุธยา",
    "district": "ผักไห่",
    "postcode": "13120"
  },
  {
    "province": "พระนครศรีอยุธยา",
    "district": "พระนครศรีอยุธยา",
    "postcode": "13000"
  },
  {
    "province": "พระนครศรีอยุธยา",
    "district": "ภาชี",
    "postcode": "13140"
  },
  {
    "province": "พระนครศรีอยุธยา",
    "district": "มหาราช",
    "postcode": "13150"
  },
  {
    "province": "พระนครศรีอยุธยา",
    "district": "ลาดบัวหลวง",
    "postcode": "13230"
  },
  {
    "province": "พระนครศรีอยุธยา",
    "district": "วังน้อย",
    "postcode": "13170"
  },
  {
    "province": "พระนครศรีอยุธยา",
    "district": "อุทัย",
    "postcode": "13000"
  },
  {
    "province": "พระนครศรีอยุธยา",
    "district": "เสนา",
    "postcode": "13110"
  },
  {
    "province": "พะเยา",
    "district": "จุน",
    "postcode": "56150"
  },
  {
    "province": "พะเยา",
    "district": "ดอกคำใต้",
    "postcode": "56120"
  },
  {
    "province": "พะเยา",
    "district": "ปง",
    "postcode": "56140"
  },
  {
    "province": "พะเยา",
    "district": "ภูกามยาว",
    "postcode": "56000"
  },
  {
    "province": "พะเยา",
    "district": "ภูซาง",
    "postcode": "56110"
  },
  {
    "province": "พะเยา",
    "district": "เชียงคำ",
    "postcode": "56110"
  },
  {
    "province": "พะเยา",
    "district": "เชียงม่วน",
    "postcode": "56160"
  },
  {
    "province": "พะเยา",
    "district": "เมืองพะเยา",
    "postcode": "56000"
  },
  {
    "province": "พะเยา",
    "district": "แม่ใจ",
    "postcode": "56130"
  },
  {
    "province": "พังงา",
    "district": "กะปง",
    "postcode": "82170"
  },
  {
    "province": "พังงา",
    "district": "คุระบุรี",
    "postcode": "82150"
  },
  {
    "province": "พังงา",
    "district": "ตะกั่วทุ่ง",
    "postcode": "82130"
  },
  {
    "province": "พังงา",
    "district": "ตะกั่วป่า",
    "postcode": "82110"
  },
  {
    "province": "พังงา",
    "district": "ทับปุด",
    "postcode": "82180"
  },
  {
    "province": "พังงา",
    "district": "ท้ายเหมือง",
    "postcode": "82120"
  },
  {
    "province": "พังงา",
    "district": "เกาะยาว",
    "postcode": "82160"
  },
  {
    "province": "พังงา",
    "district": "เมืองพังงา",
    "postcode": "82000"
  },
  {
    "province": "พัทลุง",
    "district": "กงหรา",
    "postcode": "93000"
  },
  {
    "province": "พัทลุง",
    "district": "ควนขนุน",
    "postcode": "93110"
  },
  {
    "province": "พัทลุง",
    "district": "ตะโหมด",
    "postcode": "93160"
  },
  {
    "province": "พัทลุง",
    "district": "บางแก้ว",
    "postcode": "93140"
  },
  {
    "province": "พัทลุง",
    "district": "ปากพะยูน",
    "postcode": "93120"
  },
  {
    "province": "พัทลุง",
    "district": "ป่าบอน",
    "postcode": "93170"
  },
  {
    "province": "พัทลุง",
    "district": "ป่าพะยอม",
    "postcode": "93210"
  },
  {
    "province": "พัทลุง",
    "district": "ศรีนครินทร์",
    "postcode": "93000"
  },
  {
    "province": "พัทลุง",
    "district": "ศรีบรรพต",
    "postcode": "93190"
  },
  {
    "province": "พัทลุง",
    "district": "เขาชัยสน",
    "postcode": "93130"
  },
  {
    "province": "พัทลุง",
    "district": "เมืองพัทลุง",
    "postcode": "93000"
  },
  {
    "province": "พิจิตร",
    "district": "ดงเจริญ",
    "postcode": "66210"
  },
  {
    "province": "พิจิตร",
    "district": "ตะพานหิน",
    "postcode": "66110"
  },
  {
    "province": "พิจิตร",
    "district": "ทับคล้อ",
    "postcode": "66150"
  },
  {
    "province": "พิจิตร",
    "district": "บางมูลนาก",
    "postcode": "66120"
  },
  {
    "province": "พิจิตร",
    "district": "บึงนาราง",
    "postcode": "66130"
  },
  {
    "province": "พิจิตร",
    "district": "วชิรบารมี",
    "postcode": "66140"
  },
  {
    "province": "พิจิตร",
    "district": "วังทรายพูน",
    "postcode": "66180"
  },
  {
    "province": "พิจิตร",
    "district": "สากเหล็ก",
    "postcode": "66160"
  },
  {
    "province": "พิจิตร",
    "district": "สามง่าม",
    "postcode": "66140"
  },
  {
    "province": "พิจิตร",
    "district": "เมืองพิจิตร",
    "postcode": "66000"
  },
  {
    "province": "พิจิตร",
    "district": "โพทะเล",
    "postcode": "66130"
  },
  {
    "province": "พิจิตร",
    "district": "โพธิ์ประทับช้าง",
    "postcode": "66190"
  },
  {
    "province": "พิษณุโลก",
    "district": "ชาติตระการ",
    "postcode": "65170"
  },
  {
    "province": "พิษณุโลก",
    "district": "นครไทย",
    "postcode": "65120"
  },
  {
    "province": "พิษณุโลก",
    "district": "บางกระทุ่ม",
    "postcode": "65110"
  },
  {
    "province": "พิษณุโลก",
    "district": "บางระกำ",
    "postcode": "65140"
  },
  {
    "province": "พิษณุโลก",
    "district": "พรหมพิราม",
    "postcode": "65150"
  },
  {
    "province": "พิษณุโลก",
    "district": "วังทอง",
    "postcode": "65130"
  },
  {
    "province": "พิษณุโลก",
    "district": "วัดโบสถ์",
    "postcode": "65160"
  },
  {
    "province": "พิษณุโลก",
    "district": "เนินมะปราง",
    "postcode": "65190"
  },
  {
    "province": "พิษณุโลก",
    "district": "เมืองพิษณุโลก",
    "postcode": "65000"
  },
  {
    "province": "ภูเก็ต",
    "district": "กะทู้",
    "postcode": "83120"
  },
  {
    "province": "ภูเก็ต",
    "district": "ถลาง",
    "postcode": "83110"
  },
  {
    "province": "ภูเก็ต",
    "district": "เมืองภูเก็ต",
    "postcode": "83000"
  },
  {
    "province": "มหาสารคาม",
    "district": "กันทรวิชัย",
    "postcode": "44150"
  },
  {
    "province": "มหาสารคาม",
    "district": "กุดรัง",
    "postcode": "44130"
  },
  {
    "province": "มหาสารคาม",
    "district": "ชื่นชม",
    "postcode": "44160"
  },
  {
    "province": "มหาสารคาม",
    "district": "นาดูน",
    "postcode": "44180"
  },
  {
    "province": "มหาสารคาม",
    "district": "นาเชือก",
    "postcode": "44170"
  },
  {
    "province": "มหาสารคาม",
    "district": "บรบือ",
    "postcode": "44130"
  },
  {
    "province": "มหาสารคาม",
    "district": "พยัคฆภูมิพิสัย",
    "postcode": "44110"
  },
  {
    "province": "มหาสารคาม",
    "district": "ยางสีสุราช",
    "postcode": "44210"
  },
  {
    "province": "มหาสารคาม",
    "district": "วาปีปทุม",
    "postcode": "44120"
  },
  {
    "province": "มหาสารคาม",
    "district": "เชียงยืน",
    "postcode": "44160"
  },
  {
    "province": "มหาสารคาม",
    "district": "เมืองมหาสารคาม",
    "postcode": "44000"
  },
  {
    "province": "มหาสารคาม",
    "district": "แกดำ",
    "postcode": "44190"
  },
  {
    "province": "มหาสารคาม",
    "district": "โกสุมพิสัย",
    "postcode": "44140"
  },
  {
    "province": "มุกดาหาร",
    "district": "คำชะอี",
    "postcode": "49110"
  },
  {
    "province": "มุกดาหาร",
    "district": "ดงหลวง",
    "postcode": "49140"
  },
  {
    "province": "มุกดาหาร",
    "district": "ดอนตาล",
    "postcode": "49120"
  },
  {
    "province": "มุกดาหาร",
    "district": "นิคมคำสร้อย",
    "postcode": "49130"
  },
  {
    "province": "มุกดาหาร",
    "district": "หนองสูง",
    "postcode": "49160"
  },
  {
    "province": "มุกดาหาร",
    "district": "หว้านใหญ่",
    "postcode": "49150"
  },
  {
    "province": "มุกดาหาร",
    "district": "เมืองมุกดาหาร",
    "postcode": "49000"
  },
  {
    "province": "ยะลา",
    "district": "กรงปินัง",
    "postcode": "95000"
  },
  {
    "province": "ยะลา",
    "district": "กาบัง",
    "postcode": "95120"
  },
  {
    "province": "ยะลา",
    "district": "ธารโต",
    "postcode": "95130"
  },
  {
    "province": "ยะลา",
    "district": "บันนังสตา",
    "postcode": "95130"
  },
  {
    "province": "ยะลา",
    "district": "ยะหา",
    "postcode": "95120"
  },
  {
    "province": "ยะลา",
    "district": "รามัน",
    "postcode": "95140"
  },
  {
    "province": "ยะลา",
    "district": "เบตง",
    "postcode": "95110"
  },
  {
    "province": "ยะลา",
    "district": "เมืองยะลา",
    "postcode": "95000"
  },
  {
    "province": "ยโสธร",
    "district": "กุดชุม",
    "postcode": "35140"
  },
  {
    "province": "ยโสธร",
    "district": "คำเขื่อนแก้ว",
    "postcode": "35110"
  },
  {
    "province": "ยโสธร",
    "district": "ค้อวัง",
    "postcode": "35160"
  },
  {
    "province": "ยโสธร",
    "district": "ทรายมูล",
    "postcode": "35170"
  },
  {
    "province": "ยโสธร",
    "district": "ป่าติ้ว",
    "postcode": "35150"
  },
  {
    "province": "ยโสธร",
    "district": "มหาชนะชัย",
    "postcode": "35130"
  },
  {
    "province": "ยโสธร",
    "district": "เมืองยโสธร",
    "postcode": "35000"
  },
  {
    "province": "ยโสธร",
    "district": "เลิงนกทา",
    "postcode": "35120"
  },
  {
    "province": "ยโสธร",
    "district": "ไทยเจริญ",
    "postcode": "35120"
  },
  {
    "province": "ระนอง",
    "district": "กระบุรี",
    "postcode": "85110"
  },
  {
    "province": "ระนอง",
    "district": "กะเปอร์",
    "postcode": "85120"
  },
  {
    "province": "ระนอง",
    "district": "ละอุ่น",
    "postcode": "85130"
  },
  {
    "province": "ระนอง",
    "district": "สุขสำราญ",
    "postcode": "85120"
  },
  {
    "province": "ระนอง",
    "district": "เมืองระนอง",
    "postcode": "85000"
  },
  {
    "province": "ระยอง",
    "district": "นิคมพัฒนา",
    "postcode": "21180"
  },
  {
    "province": "ระยอง",
    "district": "บ้านค่าย",
    "postcode": "21120"
  },
  {
    "province": "ระยอง",
    "district": "บ้านฉาง",
    "postcode": "21130"
  },
  {
    "province": "ระยอง",
    "district": "ปลวกแดง",
    "postcode": "21140"
  },
  {
    "province": "ระยอง",
    "district": "วังจันทร์",
    "postcode": "21210"
  },
  {
    "province": "ระยอง",
    "district": "เขาชะเมา",
    "postcode": "21110"
  },
  {
    "province": "ระยอง",
    "district": "เมืองระยอง",
    "postcode": "21000"
  },
  {
    "province": "ระยอง",
    "district": "แกลง",
    "postcode": "21110"
  },
  {
    "province": "ราชบุรี",
    "district": "จอมบึง",
    "postcode": "70150"
  },
  {
    "province": "ราชบุรี",
    "district": "ดำเนินสะดวก",
    "postcode": "70130"
  },
  {
    "province": "ราชบุรี",
    "district": "บางแพ",
    "postcode": "70160"
  },
  {
    "province": "ราชบุรี",
    "district": "บ้านคา",
    "postcode": "70180"
  },
  {
    "province": "ราชบุรี",
    "district": "บ้านโป่ง",
    "postcode": "70110"
  },
  {
    "province": "ราชบุรี",
    "district": "ปากท่อ",
    "postcode": "70140"
  },
  {
    "province": "ราชบุรี",
    "district": "วัดเพลง",
    "postcode": "70170"
  },
  {
    "province": "ราชบุรี",
    "district": "สวนผึ้ง",
    "postcode": "70180"
  },
  {
    "province": "ราชบุรี",
    "district": "เมืองราชบุรี",
    "postcode": "70000"
  },
  {
    "province": "ราชบุรี",
    "district": "โพธาราม",
    "postcode": "70120"
  },
  {
    "province": "ร้อยเอ็ด",
    "district": "จตุรพักตรพิมาน",
    "postcode": "45180"
  },
  {
    "province": "ร้อยเอ็ด",
    "district": "จังหาร",
    "postcode": "45000"
  },
  {
    "province": "ร้อยเอ็ด",
    "district": "ทุ่งเขาหลวง",
    "postcode": "45170"
  },
  {
    "province": "ร้อยเอ็ด",
    "district": "ธวัชบุรี",
    "postcode": "45170"
  },
  {
    "province": "ร้อยเอ็ด",
    "district": "ปทุมรัตต์",
    "postcode": "45190"
  },
  {
    "province": "ร้อยเอ็ด",
    "district": "พนมไพร",
    "postcode": "45140"
  },
  {
    "province": "ร้อยเอ็ด",
    "district": "ศรีสมเด็จ",
    "postcode": "45000"
  },
  {
    "province": "ร้อยเอ็ด",
    "district": "สุวรรณภูมิ",
    "postcode": "45130"
  },
  {
    "province": "ร้อยเอ็ด",
    "district": "หนองพอก",
    "postcode": "45210"
  },
  {
    "province": "ร้อยเอ็ด",
    "district": "หนองฮี",
    "postcode": "45140"
  },
  {
    "province": "ร้อยเอ็ด",
    "district": "อาจสามารถ",
    "postcode": "45160"
  },
  {
    "province": "ร้อยเอ็ด",
    "district": "เกษตรวิสัย",
    "postcode": "45150"
  },
  {
    "province": "ร้อยเอ็ด",
    "district": "เชียงขวัญ",
    "postcode": "45000"
  },
  {
    "province": "ร้อยเอ็ด",
    "district": "เมยวดี",
    "postcode": "45250"
  },
  {
    "province": "ร้อยเอ็ด",
    "district": "เมืองร้อยเอ็ด",
    "postcode": "45000"
  },
  {
    "province": "ร้อยเอ็ด",
    "district": "เมืองสรวง",
    "postcode": "45220"
  },
  {
    "province": "ร้อยเอ็ด",
    "district": "เสลภูมิ",
    "postcode": "45120"
  },
  {
    "province": "ร้อยเอ็ด",
    "district": "โพธิ์ชัย",
    "postcode": "45230"
  },
  {
    "province": "ร้อยเอ็ด",
    "district": "โพนทราย",
    "postcode": "45240"
  },
  {
    "province": "ร้อยเอ็ด",
    "district": "โพนทอง",
    "postcode": "45110"
  },
  {
    "province": "ลพบุรี",
    "district": "ชัยบาดาล",
    "postcode": "15130"
  },
  {
    "province": "ลพบุรี",
    "district": "ท่าวุ้ง",
    "postcode": "15150"
  },
  {
    "province": "ลพบุรี",
    "district": "ท่าหลวง",
    "postcode": "15230"
  },
  {
    "province": "ลพบุรี",
    "district": "บ้านหมี่",
    "postcode": "15110"
  },
  {
    "province": "ลพบุรี",
    "district": "พัฒนานิคม",
    "postcode": "15140"
  },
  {
    "province": "ลพบุรี",
    "district": "ลำสนธิ",
    "postcode": "15130"
  },
  {
    "province": "ลพบุรี",
    "district": "สระโบสถ์",
    "postcode": "15240"
  },
  {
    "province": "ลพบุรี",
    "district": "หนองม่วง",
    "postcode": "15170"
  },
  {
    "province": "ลพบุรี",
    "district": "เมืองลพบุรี",
    "postcode": "13240"
  },
  {
    "province": "ลพบุรี",
    "district": "โคกสำโรง",
    "postcode": "15120"
  },
  {
    "province": "ลพบุรี",
    "district": "โคกเจริญ",
    "postcode": "15250"
  },
  {
    "province": "ลำปาง",
    "district": "งาว",
    "postcode": "52110"
  },
  {
    "province": "ลำปาง",
    "district": "วังเหนือ",
    "postcode": "52140"
  },
  {
    "province": "ลำปาง",
    "district": "สบปราบ",
    "postcode": "52170"
  },
  {
    "province": "ลำปาง",
    "district": "ห้างฉัตร",
    "postcode": "52190"
  },
  {
    "province": "ลำปาง",
    "district": "เกาะคา",
    "postcode": "52130"
  },
  {
    "province": "ลำปาง",
    "district": "เถิน",
    "postcode": "52160"
  },
  {
    "province": "ลำปาง",
    "district": "เมืองปาน",
    "postcode": "52240"
  },
  {
    "province": "ลำปาง",
    "district": "เมืองลำปาง",
    "postcode": "52000"
  },
  {
    "province": "ลำปาง",
    "district": "เสริมงาม",
    "postcode": "52210"
  },
  {
    "province": "ลำปาง",
    "district": "แจ้ห่ม",
    "postcode": "52120"
  },
  {
    "province": "ลำปาง",
    "district": "แม่ทะ",
    "postcode": "52150"
  },
  {
    "province": "ลำปาง",
    "district": "แม่พริก",
    "postcode": "52180"
  },
  {
    "province": "ลำปาง",
    "district": "แม่เมาะ",
    "postcode": "52000"
  },
  {
    "province": "ลำพูน",
    "district": "ทุ่งหัวช้าง",
    "postcode": "51160"
  },
  {
    "province": "ลำพูน",
    "district": "บ้านธิ",
    "postcode": "51180"
  },
  {
    "province": "ลำพูน",
    "district": "บ้านโฮ่ง",
    "postcode": "51130"
  },
  {
    "province": "ลำพูน",
    "district": "ป่าซาง",
    "postcode": "51120"
  },
  {
    "province": "ลำพูน",
    "district": "ลี้",
    "postcode": "51110"
  },
  {
    "province": "ลำพูน",
    "district": "เมืองลำพูน",
    "postcode": "51000"
  },
  {
    "province": "ลำพูน",
    "district": "เวียงหนองล่อง",
    "postcode": "51120"
  },
  {
    "province": "ลำพูน",
    "district": "แม่ทา",
    "postcode": "51140"
  },
  {
    "province": "ศรีสะเกษ",
    "district": "กันทรลักษ์",
    "postcode": "33110"
  },
  {
    "province": "ศรีสะเกษ",
    "district": "กันทรารมย์",
    "postcode": "33130"
  },
  {
    "province": "ศรีสะเกษ",
    "district": "ขุขันธ์",
    "postcode": "33140"
  },
  {
    "province": "ศรีสะเกษ",
    "district": "ขุนหาญ",
    "postcode": "33150"
  },
  {
    "province": "ศรีสะเกษ",
    "district": "น้ำเกลี้ยง",
    "postcode": "33130"
  },
  {
    "province": "ศรีสะเกษ",
    "district": "บึงบูรพ์",
    "postcode": "33220"
  },
  {
    "province": "ศรีสะเกษ",
    "district": "ปรางค์กู่",
    "postcode": "33170"
  },
  {
    "province": "ศรีสะเกษ",
    "district": "พยุห์",
    "postcode": "33230"
  },
  {
    "province": "ศรีสะเกษ",
    "district": "ภูสิงห์",
    "postcode": "33140"
  },
  {
    "province": "ศรีสะเกษ",
    "district": "ยางชุมน้อย",
    "postcode": "33190"
  },
  {
    "province": "ศรีสะเกษ",
    "district": "ราษีไศล",
    "postcode": "33160"
  },
  {
    "province": "ศรีสะเกษ",
    "district": "วังหิน",
    "postcode": "33270"
  },
  {
    "province": "ศรีสะเกษ",
    "district": "ศรีรัตนะ",
    "postcode": "33240"
  },
  {
    "province": "ศรีสะเกษ",
    "district": "ศิลาลาด",
    "postcode": "33160"
  },
  {
    "province": "ศรีสะเกษ",
    "district": "ห้วยทับทัน",
    "postcode": "33210"
  },
  {
    "province": "ศรีสะเกษ",
    "district": "อุทุมพรพิสัย",
    "postcode": "33120"
  },
  {
    "province": "ศรีสะเกษ",
    "district": "เบญจลักษ์",
    "postcode": "33110"
  },
  {
    "province": "ศรีสะเกษ",
    "district": "เมืองจันทร์",
    "postcode": "33120"
  },
  {
    "province": "ศรีสะเกษ",
    "district": "เมืองศรีสะเกษ",
    "postcode": "33000"
  },
  {
    "province": "ศรีสะเกษ",
    "district": "โนนคูณ",
    "postcode": "33250"
  },
  {
    "province": "ศรีสะเกษ",
    "district": "โพธิ์ศรีสุวรรณ",
    "postcode": "33120"
  },
  {
    "province": "ศรีสะเกษ",
    "district": "ไพรบึง",
    "postcode": "33180"
  },
  {
    "province": "สกลนคร",
    "district": "กุดบาก",
    "postcode": "47180"
  },
  {
    "province": "สกลนคร",
    "district": "กุสุมาลย์",
    "postcode": "47210"
  },
  {
    "province": "สกลนคร",
    "district": "คำตากล้า",
    "postcode": "47250"
  },
  {
    "province": "สกลนคร",
    "district": "นิคมน้ำอูน",
    "postcode": "47270"
  },
  {
    "province": "สกลนคร",
    "district": "บ้านม่วง",
    "postcode": "47140"
  },
  {
    "province": "สกลนคร",
    "district": "พรรณานิคม",
    "postcode": "47130"
  },
  {
    "province": "สกลนคร",
    "district": "พังโคน",
    "postcode": "47160"
  },
  {
    "province": "สกลนคร",
    "district": "ภูพาน",
    "postcode": "47180"
  },
  {
    "province": "สกลนคร",
    "district": "วานรนิวาส",
    "postcode": "47120"
  },
  {
    "province": "สกลนคร",
    "district": "วาริชภูมิ",
    "postcode": "47150"
  },
  {
    "province": "สกลนคร",
    "district": "สว่างแดนดิน",
    "postcode": "47110"
  },
  {
    "province": "สกลนคร",
    "district": "ส่องดาว",
    "postcode": "47190"
  },
  {
    "province": "สกลนคร",
    "district": "อากาศอำนวย",
    "postcode": "47170"
  },
  {
    "province": "สกลนคร",
    "district": "เจริญศิลป์",
    "postcode": "47290"
  },
  {
    "province": "สกลนคร",
    "district": "เต่างอย",
    "postcode": "47260"
  },
  {
    "province": "สกลนคร",
    "district": "เมืองสกลนคร",
    "postcode": "47000"
  },
  {
    "province": "สกลนคร",
    "district": "โคกศรีสุพรรณ",
    "postcode": "47280"
  },
  {
    "province": "สกลนคร",
    "district": "โพนนาแก้ว",
    "postcode": "47230"
  },
  {
    "province": "สงขลา",
    "district": "กระแสสินธุ์",
    "postcode": "90270"
  },
  {
    "province": "สงขลา",
    "district": "คลองหอยโข่ง",
    "postcode": "90110"
  },
  {
    "province": "สงขลา",
    "district": "ควนเนียง",
    "postcode": "90220"
  },
  {
    "province": "สงขลา",
    "district": "จะนะ",
    "postcode": "90130"
  },
  {
    "province": "สงขลา",
    "district": "นาทวี",
    "postcode": "90160"
  },
  {
    "province": "สงขลา",
    "district": "นาหม่อม",
    "postcode": "90310"
  },
  {
    "province": "สงขลา",
    "district": "บางกล่ำ",
    "postcode": "90110"
  },
  {
    "province": "สงขลา",
    "district": "ระโนด",
    "postcode": "90140"
  },
  {
    "province": "สงขลา",
    "district": "รัตภูมิ",
    "postcode": "90180"
  },
  {
    "province": "สงขลา",
    "district": "สทิงพระ",
    "postcode": "90190"
  },
  {
    "province": "สงขลา",
    "district": "สะบ้าย้อย",
    "postcode": "90210"
  },
  {
    "province": "สงขลา",
    "district": "สะเดา",
    "postcode": "90120"
  },
  {
    "province": "สงขลา",
    "district": "สิงหนคร",
    "postcode": "90280"
  },
  {
    "province": "สงขลา",
    "district": "หาดใหญ่",
    "postcode": "90110"
  },
  {
    "province": "สงขลา",
    "district": "เทพา",
    "postcode": "90150"
  },
  {
    "province": "สงขลา",
    "district": "เมืองสงขลา",
    "postcode": "90000"
  },
  {
    "province": "สตูล",
    "district": "ควนกาหลง",
    "postcode": "91130"
  },
  {
    "province": "สตูล",
    "district": "ควนโดน",
    "postcode": "91160"
  },
  {
    "province": "สตูล",
    "district": "ทุ่งหว้า",
    "postcode": "91120"
  },
  {
    "province": "สตูล",
    "district": "ท่าแพ",
    "postcode": "91150"
  },
  {
    "province": "สตูล",
    "district": "มะนัง",
    "postcode": "91130"
  },
  {
    "province": "สตูล",
    "district": "ละงู",
    "postcode": "91110"
  },
  {
    "province": "สตูล",
    "district": "เมืองสตูล",
    "postcode": "91000"
  },
  {
    "province": "สมุทรปราการ",
    "district": "บางบ่อ",
    "postcode": "10550"
  },
  {
    "province": "สมุทรปราการ",
    "district": "บางพลี",
    "postcode": "10540"
  },
  {
    "province": "สมุทรปราการ",
    "district": "บางเสาธง",
    "postcode": "10570"
  },
  {
    "province": "สมุทรปราการ",
    "district": "พระประแดง",
    "postcode": "10130"
  },
  {
    "province": "สมุทรปราการ",
    "district": "พระสมุทรเจดีย์",
    "postcode": "10290"
  },
  {
    "province": "สมุทรปราการ",
    "district": "เมืองสมุทรปราการ",
    "postcode": "10270"
  },
  {
    "province": "สมุทรสงคราม",
    "district": "บางคนที",
    "postcode": "75120"
  },
  {
    "province": "สมุทรสงคราม",
    "district": "อัมพวา",
    "postcode": "75110"
  },
  {
    "province": "สมุทรสงคราม",
    "district": "เมืองสมุทรสงคราม",
    "postcode": "75000"
  },
  {
    "province": "สมุทรสาคร",
    "district": "กระทุ่มแบน",
    "postcode": "74110"
  },
  {
    "province": "สมุทรสาคร",
    "district": "บ้านแพ้ว",
    "postcode": "70210"
  },
  {
    "province": "สมุทรสาคร",
    "district": "เมืองสมุทรสาคร",
    "postcode": "74000"
  },
  {
    "province": "สระบุรี",
    "district": "ดอนพุด",
    "postcode": "18210"
  },
  {
    "province": "สระบุรี",
    "district": "บ้านหมอ",
    "postcode": "18130"
  },
  {
    "province": "สระบุรี",
    "district": "พระพุทธบาท",
    "postcode": "18120"
  },
  {
    "province": "สระบุรี",
    "district": "มวกเหล็ก",
    "postcode": "18180"
  },
  {
    "province": "สระบุรี",
    "district": "วังม่วง",
    "postcode": "18220"
  },
  {
    "province": "สระบุรี",
    "district": "วิหารแดง",
    "postcode": "18150"
  },
  {
    "province": "สระบุรี",
    "district": "หนองแค",
    "postcode": "18140"
  },
  {
    "province": "สระบุรี",
    "district": "หนองแซง",
    "postcode": "18170"
  },
  {
    "province": "สระบุรี",
    "district": "หนองโดน",
    "postcode": "18190"
  },
  {
    "province": "สระบุรี",
    "district": "เฉลิมพระเกียรติ",
    "postcode": "18000"
  },
  {
    "province": "สระบุรี",
    "district": "เมืองสระบุรี",
    "postcode": "18000"
  },
  {
    "province": "สระบุรี",
    "district": "เสาไห้",
    "postcode": "18160"
  },
  {
    "province": "สระบุรี",
    "district": "แก่งคอย",
    "postcode": "18110"
  },
  {
    "province": "สระแก้ว",
    "district": "คลองหาด",
    "postcode": "27260"
  },
  {
    "province": "สระแก้ว",
    "district": "ตาพระยา",
    "postcode": "27180"
  },
  {
    "province": "สระแก้ว",
    "district": "วังน้ำเย็น",
    "postcode": "27210"
  },
  {
    "province": "สระแก้ว",
    "district": "วังสมบูรณ์",
    "postcode": "27210"
  },
  {
    "province": "สระแก้ว",
    "district": "วัฒนานคร",
    "postcode": "27160"
  },
  {
    "province": "สระแก้ว",
    "district": "อรัญประเทศ",
    "postcode": "27120"
  },
  {
    "province": "สระแก้ว",
    "district": "เขาฉกรรจ์",
    "postcode": "27000"
  },
  {
    "province": "สระแก้ว",
    "district": "เมืองสระแก้ว",
    "postcode": "27000"
  },
  {
    "province": "สระแก้ว",
    "district": "โคกสูง",
    "postcode": "27120"
  },
  {
    "province": "สิงห์บุรี",
    "district": "ค่ายบางระจัน",
    "postcode": "16150"
  },
  {
    "province": "สิงห์บุรี",
    "district": "ท่าช้าง",
    "postcode": "16140"
  },
  {
    "province": "สิงห์บุรี",
    "district": "บางระจัน",
    "postcode": "16130"
  },
  {
    "province": "สิงห์บุรี",
    "district": "พรหมบุรี",
    "postcode": "16120"
  },
  {
    "province": "สิงห์บุรี",
    "district": "อินทร์บุรี",
    "postcode": "16110"
  },
  {
    "province": "สิงห์บุรี",
    "district": "เมืองสิงห์บุรี",
    "postcode": "16000"
  },
  {
    "province": "สุพรรณบุรี",
    "district": "ดอนเจดีย์",
    "postcode": "72170"
  },
  {
    "province": "สุพรรณบุรี",
    "district": "ด่านช้าง",
    "postcode": "72180"
  },
  {
    "province": "สุพรรณบุรี",
    "district": "บางปลาม้า",
    "postcode": "72150"
  },
  {
    "province": "สุพรรณบุรี",
    "district": "ศรีประจันต์",
    "postcode": "72140"
  },
  {
    "province": "สุพรรณบุรี",
    "district": "สองพี่น้อง",
    "postcode": "71170"
  },
  {
    "province": "สุพรรณบุรี",
    "district": "สามชุก",
    "postcode": "72130"
  },
  {
    "province": "สุพรรณบุรี",
    "district": "หนองหญ้าไซ",
    "postcode": "72240"
  },
  {
    "province": "สุพรรณบุรี",
    "district": "อู่ทอง",
    "postcode": "71170"
  },
  {
    "province": "สุพรรณบุรี",
    "district": "เดิมบางนางบวช",
    "postcode": "72120"
  },
  {
    "province": "สุพรรณบุรี",
    "district": "เมืองสุพรรณบุรี",
    "postcode": "72000"
  },
  {
    "province": "สุราษฎร์ธานี",
    "district": "กาญจนดิษฐ์",
    "postcode": "84160"
  },
  {
    "province": "สุราษฎร์ธานี",
    "district": "คีรีรัฐนิคม",
    "postcode": "84180"
  },
  {
    "province": "สุราษฎร์ธานี",
    "district": "ชัยบุรี",
    "postcode": "84350"
  },
  {
    "province": "สุราษฎร์ธานี",
    "district": "ดอนสัก",
    "postcode": "84160"
  },
  {
    "province": "สุราษฎร์ธานี",
    "district": "ท่าฉาง",
    "postcode": "84150"
  },
  {
    "province": "สุราษฎร์ธานี",
    "district": "ท่าชนะ",
    "postcode": "84170"
  },
  {
    "province": "สุราษฎร์ธานี",
    "district": "บ้านตาขุน",
    "postcode": "84230"
  },
  {
    "province": "สุราษฎร์ธานี",
    "district": "บ้านนาสาร",
    "postcode": "84120"
  },
  {
    "province": "สุราษฎร์ธานี",
    "district": "บ้านนาเดิม",
    "postcode": "84240"
  },
  {
    "province": "สุราษฎร์ธานี",
    "district": "พนม",
    "postcode": "84250"
  },
  {
    "province": "สุราษฎร์ธานี",
    "district": "พระแสง",
    "postcode": "84210"
  },
  {
    "province": "สุราษฎร์ธานี",
    "district": "พุนพิน",
    "postcode": "84130"
  },
  {
    "province": "สุราษฎร์ธานี",
    "district": "วิภาวดี",
    "postcode": "84370"
  },
  {
    "province": "สุราษฎร์ธานี",
    "district": "เกาะพะงัน",
    "postcode": "84280"
  },
  {
    "province": "สุราษฎร์ธานี",
    "district": "เกาะสมุย",
    "postcode": "84140"
  },
  {
    "province": "สุราษฎร์ธานี",
    "district": "เคียนซา",
    "postcode": "84210"
  },
  {
    "province": "สุราษฎร์ธานี",
    "district": "เมืองสุราษฎร์ธานี",
    "postcode": "84000"
  },
  {
    "province": "สุราษฎร์ธานี",
    "district": "เวียงสระ",
    "postcode": "84190"
  },
  {
    "province": "สุราษฎร์ธานี",
    "district": "ไชยา",
    "postcode": "84110"
  },
  {
    "province": "สุรินทร์",
    "district": "กาบเชิง",
    "postcode": "32210"
  },
  {
    "province": "สุรินทร์",
    "district": "จอมพระ",
    "postcode": "32180"
  },
  {
    "province": "สุรินทร์",
    "district": "ชุมพลบุรี",
    "postcode": "32190"
  },
  {
    "province": "สุรินทร์",
    "district": "ท่าตูม",
    "postcode": "32120"
  },
  {
    "province": "สุรินทร์",
    "district": "บัวเชด",
    "postcode": "32230"
  },
  {
    "province": "สุรินทร์",
    "district": "ปราสาท",
    "postcode": "32140"
  },
  {
    "province": "สุรินทร์",
    "district": "พนมดงรัก",
    "postcode": "32140"
  },
  {
    "province": "สุรินทร์",
    "district": "รัตนบุรี",
    "postcode": "32130"
  },
  {
    "province": "สุรินทร์",
    "district": "ลำดวน",
    "postcode": "32220"
  },
  {
    "province": "สุรินทร์",
    "district": "ศรีณรงค์",
    "postcode": "32150"
  },
  {
    "province": "สุรินทร์",
    "district": "ศีขรภูมิ",
    "postcode": "32110"
  },
  {
    "province": "สุรินทร์",
    "district": "สนม",
    "postcode": "32160"
  },
  {
    "province": "สุรินทร์",
    "district": "สังขะ",
    "postcode": "32150"
  },
  {
    "province": "สุรินทร์",
    "district": "สำโรงทาบ",
    "postcode": "32170"
  },
  {
    "province": "สุรินทร์",
    "district": "เขวาสินรินทร์",
    "postcode": "32000"
  },
  {
    "province": "สุรินทร์",
    "district": "เมืองสุรินทร์",
    "postcode": "32000"
  },
  {
    "province": "สุรินทร์",
    "district": "โนนนารายณ์",
    "postcode": "32130"
  },
  {
    "province": "สุโขทัย",
    "district": "กงไกรลาศ",
    "postcode": "64170"
  },
  {
    "province": "สุโขทัย",
    "district": "คีรีมาศ",
    "postcode": "64160"
  },
  {
    "province": "สุโขทัย",
    "district": "ทุ่งเสลี่ยม",
    "postcode": "64150"
  },
  {
    "province": "สุโขทัย",
    "district": "บ้านด่านลานหอย",
    "postcode": "64140"
  },
  {
    "province": "สุโขทัย",
    "district": "ศรีนคร",
    "postcode": "64180"
  },
  {
    "province": "สุโขทัย",
    "district": "ศรีสัชนาลัย",
    "postcode": "64130"
  },
  {
    "province": "สุโขทัย",
    "district": "ศรีสำโรง",
    "postcode": "64120"
  },
  {
    "province": "สุโขทัย",
    "district": "สวรรคโลก",
    "postcode": "64110"
  },
  {
    "province": "สุโขทัย",
    "district": "เมืองสุโขทัย",
    "postcode": "64000"
  },
  {
    "province": "หนองคาย",
    "district": "ท่าบ่อ",
    "postcode": "43110"
  },
  {
    "province": "หนองคาย",
    "district": "รัตนวาปี",
    "postcode": "43120"
  },
  {
    "province": "หนองคาย",
    "district": "ศรีเชียงใหม่",
    "postcode": "43130"
  },
  {
    "province": "หนองคาย",
    "district": "สระใคร",
    "postcode": "43100"
  },
  {
    "province": "หนองคาย",
    "district": "สังคม",
    "postcode": "43160"
  },
  {
    "province": "หนองคาย",
    "district": "เฝ้าไร่",
    "postcode": "43230"
  },
  {
    "province": "หนองคาย",
    "district": "เมืองหนองคาย",
    "postcode": "43000"
  },
  {
    "province": "หนองคาย",
    "district": "โพธิ์ตาก",
    "postcode": "43130"
  },
  {
    "province": "หนองคาย",
    "district": "โพนพิสัย",
    "postcode": "43120"
  },
  {
    "province": "หนองบัวลำภู",
    "district": "นากลาง",
    "postcode": "39170"
  },
  {
    "province": "หนองบัวลำภู",
    "district": "นาวัง",
    "postcode": "39170"
  },
  {
    "province": "หนองบัวลำภู",
    "district": "ศรีบุญเรือง",
    "postcode": "39180"
  },
  {
    "province": "หนองบัวลำภู",
    "district": "สุวรรณคูหา",
    "postcode": "39270"
  },
  {
    "province": "หนองบัวลำภู",
    "district": "เมืองหนองบัวลำภู",
    "postcode": "39000"
  },
  {
    "province": "หนองบัวลำภู",
    "district": "โนนสัง",
    "postcode": "39140"
  },
  {
    "province": "อำนาจเจริญ",
    "district": "ชานุมาน",
    "postcode": "37210"
  },
  {
    "province": "อำนาจเจริญ",
    "district": "ปทุมราชวงศา",
    "postcode": "37110"
  },
  {
    "province": "อำนาจเจริญ",
    "district": "พนา",
    "postcode": "37180"
  },
  {
    "province": "อำนาจเจริญ",
    "district": "ลืออำนาจ",
    "postcode": "37120"
  },
  {
    "province": "อำนาจเจริญ",
    "district": "หัวตะพาน",
    "postcode": "37240"
  },
  {
    "province": "อำนาจเจริญ",
    "district": "เมืองอำนาจเจริญ",
    "postcode": "37000"
  },
  {
    "province": "อำนาจเจริญ",
    "district": "เสนางคนิคม",
    "postcode": "37290"
  },
  {
    "province": "อุดรธานี",
    "district": "กุดจับ",
    "postcode": "41250"
  },
  {
    "province": "อุดรธานี",
    "district": "กุมภวาปี",
    "postcode": "41110"
  },
  {
    "province": "อุดรธานี",
    "district": "กู่แก้ว",
    "postcode": "41130"
  },
  {
    "province": "อุดรธานี",
    "district": "ทุ่งฝน",
    "postcode": "41310"
  },
  {
    "province": "อุดรธานี",
    "district": "นายูง",
    "postcode": "41380"
  },
  {
    "province": "อุดรธานี",
    "district": "น้ำโสม",
    "postcode": "41210"
  },
  {
    "province": "อุดรธานี",
    "district": "บ้านดุง",
    "postcode": "41190"
  },
  {
    "province": "อุดรธานี",
    "district": "บ้านผือ",
    "postcode": "41160"
  },
  {
    "province": "อุดรธานี",
    "district": "ประจักษ์ศิลปาคม",
    "postcode": "41110"
  },
  {
    "province": "อุดรธานี",
    "district": "พิบูลย์รักษ์",
    "postcode": "41130"
  },
  {
    "province": "อุดรธานี",
    "district": "วังสามหมอ",
    "postcode": "41280"
  },
  {
    "province": "อุดรธานี",
    "district": "ศรีธาตุ",
    "postcode": "41230"
  },
  {
    "province": "อุดรธานี",
    "district": "สร้างคอม",
    "postcode": "41260"
  },
  {
    "province": "อุดรธานี",
    "district": "หนองวัวซอ",
    "postcode": "41220"
  },
  {
    "province": "อุดรธานี",
    "district": "หนองหาน",
    "postcode": "41130"
  },
  {
    "province": "อุดรธานี",
    "district": "หนองแสง",
    "postcode": "41340"
  },
  {
    "province": "อุดรธานี",
    "district": "เพ็ญ",
    "postcode": "41150"
  },
  {
    "province": "อุดรธานี",
    "district": "เมืองอุดรธานี",
    "postcode": "41000"
  },
  {
    "province": "อุดรธานี",
    "district": "โนนสะอาด",
    "postcode": "41240"
  },
  {
    "province": "อุดรธานี",
    "district": "ไชยวาน",
    "postcode": "41290"
  },
  {
    "province": "อุตรดิตถ์",
    "district": "ตรอน",
    "postcode": "53140"
  },
  {
    "province": "อุตรดิตถ์",
    "district": "ทองแสนขัน",
    "postcode": "53230"
  },
  {
    "province": "อุตรดิตถ์",
    "district": "ท่าปลา",
    "postcode": "53150"
  },
  {
    "province": "อุตรดิตถ์",
    "district": "น้ำปาด",
    "postcode": "53110"
  },
  {
    "province": "อุตรดิตถ์",
    "district": "บ้านโคก",
    "postcode": "53180"
  },
  {
    "province": "อุตรดิตถ์",
    "district": "พิชัย",
    "postcode": "53120"
  },
  {
    "province": "อุตรดิตถ์",
    "district": "ฟากท่า",
    "postcode": "53160"
  },
  {
    "province": "อุตรดิตถ์",
    "district": "ลับแล",
    "postcode": "53130"
  },
  {
    "province": "อุตรดิตถ์",
    "district": "เมืองอุตรดิตถ์",
    "postcode": "53000"
  },
  {
    "province": "อุทัยธานี",
    "district": "ทัพทัน",
    "postcode": "61120"
  },
  {
    "province": "อุทัยธานี",
    "district": "บ้านไร่",
    "postcode": "61140"
  },
  {
    "province": "อุทัยธานี",
    "district": "ลานสัก",
    "postcode": "61160"
  },
  {
    "province": "อุทัยธานี",
    "district": "สว่างอารมณ์",
    "postcode": "61150"
  },
  {
    "province": "อุทัยธานี",
    "district": "หนองขาหย่าง",
    "postcode": "61130"
  },
  {
    "province": "อุทัยธานี",
    "district": "หนองฉาง",
    "postcode": "61110"
  },
  {
    "province": "อุทัยธานี",
    "district": "ห้วยคต",
    "postcode": "61170"
  },
  {
    "province": "อุทัยธานี",
    "district": "เมืองอุทัยธานี",
    "postcode": "61000"
  },
  {
    "province": "อุบลราชธานี",
    "district": "กุดข้าวปุ้น",
    "postcode": "34270"
  },
  {
    "province": "อุบลราชธานี",
    "district": "ดอนมดแดง",
    "postcode": "34000"
  },
  {
    "province": "อุบลราชธานี",
    "district": "ตระการพืชผล",
    "postcode": "34130"
  },
  {
    "province": "อุบลราชธานี",
    "district": "ตาลสุม",
    "postcode": "34330"
  },
  {
    "province": "อุบลราชธานี",
    "district": "ทุ่งศรีอุดม",
    "postcode": "34160"
  },
  {
    "province": "อุบลราชธานี",
    "district": "นาจะหลวย",
    "postcode": "34280"
  },
  {
    "province": "อุบลราชธานี",
    "district": "นาตาล",
    "postcode": "34170"
  },
  {
    "province": "อุบลราชธานี",
    "district": "นาเยีย",
    "postcode": "34160"
  },
  {
    "province": "อุบลราชธานี",
    "district": "น้ำขุ่น",
    "postcode": "34260"
  },
  {
    "province": "อุบลราชธานี",
    "district": "น้ำยืน",
    "postcode": "34260"
  },
  {
    "province": "อุบลราชธานี",
    "district": "บุณฑริก",
    "postcode": "34230"
  },
  {
    "province": "อุบลราชธานี",
    "district": "พิบูลมังสาหาร",
    "postcode": "34110"
  },
  {
    "province": "อุบลราชธานี",
    "district": "ม่วงสามสิบ",
    "postcode": "34140"
  },
  {
    "province": "อุบลราชธานี",
    "district": "วารินชำราบ",
    "postcode": "34190"
  },
  {
    "province": "อุบลราชธานี",
    "district": "ศรีเมืองใหม่",
    "postcode": "34250"
  },
  {
    "province": "อุบลราชธานี",
    "district": "สว่างวีระวงศ์",
    "postcode": "34190"
  },
  {
    "province": "อุบลราชธานี",
    "district": "สำโรง",
    "postcode": "34360"
  },
  {
    "province": "อุบลราชธานี",
    "district": "สิรินธร",
    "postcode": "34350"
  },
  {
    "province": "อุบลราชธานี",
    "district": "เขมราฐ",
    "postcode": "34170"
  },
  {
    "province": "อุบลราชธานี",
    "district": "เขื่องใน",
    "postcode": "34150"
  },
  {
    "province": "อุบลราชธานี",
    "district": "เดชอุดม",
    "postcode": "34160"
  },
  {
    "province": "อุบลราชธานี",
    "district": "เมืองอุบลราชธานี",
    "postcode": "34000"
  },
  {
    "province": "อุบลราชธานี",
    "district": "เหล่าเสือโก้ก",
    "postcode": "34000"
  },
  {
    "province": "อุบลราชธานี",
    "district": "โขงเจียม",
    "postcode": "34220"
  },
  {
    "province": "อุบลราชธานี",
    "district": "โพธิ์ไทร",
    "postcode": "34340"
  },
  {
    "province": "อ่างทอง",
    "district": "ป่าโมก",
    "postcode": "14130"
  },
  {
    "province": "อ่างทอง",
    "district": "วิเศษชัยชาญ",
    "postcode": "14110"
  },
  {
    "province": "อ่างทอง",
    "district": "สามโก้",
    "postcode": "14160"
  },
  {
    "province": "อ่างทอง",
    "district": "เมืองอ่างทอง",
    "postcode": "14000"
  },
  {
    "province": "อ่างทอง",
    "district": "แสวงหา",
    "postcode": "14150"
  },
  {
    "province": "อ่างทอง",
    "district": "โพธิ์ทอง",
    "postcode": "14120"
  },
  {
    "province": "อ่างทอง",
    "district": "ไชโย",
    "postcode": "14140"
  },
  {
    "province": "เชียงราย",
    "district": "ขุนตาล",
    "postcode": "57340"
  },
  {
    "province": "เชียงราย",
    "district": "ดอยหลวง",
    "postcode": "57110"
  },
  {
    "province": "เชียงราย",
    "district": "ป่าแดด",
    "postcode": "57190"
  },
  {
    "province": "เชียงราย",
    "district": "พญาเม็งราย",
    "postcode": "57290"
  },
  {
    "province": "เชียงราย",
    "district": "พาน",
    "postcode": "57120"
  },
  {
    "province": "เชียงราย",
    "district": "เชียงของ",
    "postcode": "57140"
  },
  {
    "province": "เชียงราย",
    "district": "เชียงแสน",
    "postcode": "57150"
  },
  {
    "province": "เชียงราย",
    "district": "เทิง",
    "postcode": "57160"
  },
  {
    "province": "เชียงราย",
    "district": "เมืองเชียงราย",
    "postcode": "57000"
  },
  {
    "province": "เชียงราย",
    "district": "เวียงชัย",
    "postcode": "57210"
  },
  {
    "province": "เชียงราย",
    "district": "เวียงป่าเป้า",
    "postcode": "57170"
  },
  {
    "province": "เชียงราย",
    "district": "เวียงเชียงรุ้ง",
    "postcode": "57210"
  },
  {
    "province": "เชียงราย",
    "district": "เวียงแก่น",
    "postcode": "57310"
  },
  {
    "province": "เชียงราย",
    "district": "แม่จัน",
    "postcode": "57110"
  },
  {
    "province": "เชียงราย",
    "district": "แม่ฟ้าหลวง",
    "postcode": "57110"
  },
  {
    "province": "เชียงราย",
    "district": "แม่ลาว",
    "postcode": "57000"
  },
  {
    "province": "เชียงราย",
    "district": "แม่สรวย",
    "postcode": "57180"
  },
  {
    "province": "เชียงราย",
    "district": "แม่สาย",
    "postcode": "57130"
  },
  {
    "province": "เชียงใหม่",
    "district": "กัลยาณิวัฒนา",
    "postcode": "58130"
  },
  {
    "province": "เชียงใหม่",
    "district": "จอมทอง",
    "postcode": "50160"
  },
  {
    "province": "เชียงใหม่",
    "district": "ดอยสะเก็ด",
    "postcode": "50220"
  },
  {
    "province": "เชียงใหม่",
    "district": "ดอยหล่อ",
    "postcode": "50160"
  },
  {
    "province": "เชียงใหม่",
    "district": "ดอยเต่า",
    "postcode": "50260"
  },
  {
    "province": "เชียงใหม่",
    "district": "ฝาง",
    "postcode": "50110"
  },
  {
    "province": "เชียงใหม่",
    "district": "พร้าว",
    "postcode": "50190"
  },
  {
    "province": "เชียงใหม่",
    "district": "สะเมิง",
    "postcode": "50250"
  },
  {
    "province": "เชียงใหม่",
    "district": "สันกำแพง",
    "postcode": "50130"
  },
  {
    "province": "เชียงใหม่",
    "district": "สันทราย",
    "postcode": "50210"
  },
  {
    "province": "เชียงใหม่",
    "district": "สันป่าตอง",
    "postcode": "50120"
  },
  {
    "province": "เชียงใหม่",
    "district": "สารภี",
    "postcode": "50140"
  },
  {
    "province": "เชียงใหม่",
    "district": "หางดง",
    "postcode": "50230"
  },
  {
    "province": "เชียงใหม่",
    "district": "อมก๋อย",
    "postcode": "50310"
  },
  {
    "province": "เชียงใหม่",
    "district": "ฮอด",
    "postcode": "50240"
  },
  {
    "province": "เชียงใหม่",
    "district": "เชียงดาว",
    "postcode": "50170"
  },
  {
    "province": "เชียงใหม่",
    "district": "เมืองเชียงใหม่",
    "postcode": "50000"
  },
  {
    "province": "เชียงใหม่",
    "district": "เวียงแหง",
    "postcode": "50350"
  },
  {
    "province": "เชียงใหม่",
    "district": "แม่ริม",
    "postcode": "50180"
  },
  {
    "province": "เชียงใหม่",
    "district": "แม่วาง",
    "postcode": "50360"
  },
  {
    "province": "เชียงใหม่",
    "district": "แม่ออน",
    "postcode": "50130"
  },
  {
    "province": "เชียงใหม่",
    "district": "แม่อาย",
    "postcode": "50280"
  },
  {
    "province": "เชียงใหม่",
    "district": "แม่แจ่ม",
    "postcode": "50270"
  },
  {
    "province": "เชียงใหม่",
    "district": "แม่แตง",
    "postcode": "50150"
  },
  {
    "province": "เชียงใหม่",
    "district": "ไชยปราการ",
    "postcode": "50320"
  },
  {
    "province": "เพชรบุรี",
    "district": "ชะอำ",
    "postcode": "76120"
  },
  {
    "province": "เพชรบุรี",
    "district": "ท่ายาง",
    "postcode": "76130"
  },
  {
    "province": "เพชรบุรี",
    "district": "บ้านลาด",
    "postcode": "76150"
  },
  {
    "province": "เพชรบุรี",
    "district": "บ้านแหลม",
    "postcode": "76100"
  },
  {
    "province": "เพชรบุรี",
    "district": "หนองหญ้าปล้อง",
    "postcode": "76160"
  },
  {
    "province": "เพชรบุรี",
    "district": "เขาย้อย",
    "postcode": "76140"
  },
  {
    "province": "เพชรบุรี",
    "district": "เมืองเพชรบุรี",
    "postcode": "76000"
  },
  {
    "province": "เพชรบุรี",
    "district": "แก่งกระจาน",
    "postcode": "76170"
  },
  {
    "province": "เพชรบูรณ์",
    "district": "ชนแดน",
    "postcode": "67150"
  },
  {
    "province": "เพชรบูรณ์",
    "district": "น้ำหนาว",
    "postcode": "67260"
  },
  {
    "province": "เพชรบูรณ์",
    "district": "บึงสามพัน",
    "postcode": "67160"
  },
  {
    "province": "เพชรบูรณ์",
    "district": "วังโป่ง",
    "postcode": "67240"
  },
  {
    "province": "เพชรบูรณ์",
    "district": "วิเชียรบุรี",
    "postcode": "67130"
  },
  {
    "province": "เพชรบูรณ์",
    "district": "ศรีเทพ",
    "postcode": "67170"
  },
  {
    "province": "เพชรบูรณ์",
    "district": "หนองไผ่",
    "postcode": "67140"
  },
  {
    "province": "เพชรบูรณ์",
    "district": "หล่มสัก",
    "postcode": "67110"
  },
  {
    "province": "เพชรบูรณ์",
    "district": "หล่มเก่า",
    "postcode": "67120"
  },
  {
    "province": "เพชรบูรณ์",
    "district": "เขาค้อ",
    "postcode": "67270"
  },
  {
    "province": "เพชรบูรณ์",
    "district": "เมืองเพชรบูรณ์",
    "postcode": "67000"
  },
  {
    "province": "เลย",
    "district": "ด่านซ้าย",
    "postcode": "42120"
  },
  {
    "province": "เลย",
    "district": "ท่าลี่",
    "postcode": "42140"
  },
  {
    "province": "เลย",
    "district": "นาด้วง",
    "postcode": "42210"
  },
  {
    "province": "เลย",
    "district": "นาแห้ว",
    "postcode": "42170"
  },
  {
    "province": "เลย",
    "district": "ปากชม",
    "postcode": "42150"
  },
  {
    "province": "เลย",
    "district": "ผาขาว",
    "postcode": "42240"
  },
  {
    "province": "เลย",
    "district": "ภูกระดึง",
    "postcode": "42180"
  },
  {
    "province": "เลย",
    "district": "ภูหลวง",
    "postcode": "42230"
  },
  {
    "province": "เลย",
    "district": "ภูเรือ",
    "postcode": "42160"
  },
  {
    "province": "เลย",
    "district": "วังสะพุง",
    "postcode": "42130"
  },
  {
    "province": "เลย",
    "district": "หนองหิน",
    "postcode": "42190"
  },
  {
    "province": "เลย",
    "district": "เชียงคาน",
    "postcode": "42110"
  },
  {
    "province": "เลย",
    "district": "เมืองเลย",
    "postcode": "42000"
  },
  {
    "province": "เลย",
    "district": "เอราวัณ",
    "postcode": "42220"
  },
  {
    "province": "แพร่",
    "district": "ร้องกวาง",
    "postcode": "54140"
  },
  {
    "province": "แพร่",
    "district": "ลอง",
    "postcode": "54150"
  },
  {
    "province": "แพร่",
    "district": "วังชิ้น",
    "postcode": "54160"
  },
  {
    "province": "แพร่",
    "district": "สอง",
    "postcode": "54120"
  },
  {
    "province": "แพร่",
    "district": "สูงเม่น",
    "postcode": "54000"
  },
  {
    "province": "แพร่",
    "district": "หนองม่วงไข่",
    "postcode": "54170"
  },
  {
    "province": "แพร่",
    "district": "เด่นชัย",
    "postcode": "54110"
  },
  {
    "province": "แพร่",
    "district": "เมืองแพร่",
    "postcode": "54000"
  },
  {
    "province": "แม่ฮ่องสอน",
    "district": "ขุนยวม",
    "postcode": "58140"
  },
  {
    "province": "แม่ฮ่องสอน",
    "district": "ปางมะผ้า",
    "postcode": "58150"
  },
  {
    "province": "แม่ฮ่องสอน",
    "district": "ปาย",
    "postcode": "58130"
  },
  {
    "province": "แม่ฮ่องสอน",
    "district": "สบเมย",
    "postcode": "58110"
  },
  {
    "province": "แม่ฮ่องสอน",
    "district": "เมืองแม่ฮ่องสอน",
    "postcode": "58000"
  },
  {
    "province": "แม่ฮ่องสอน",
    "district": "แม่ลาน้อย",
    "postcode": "58120"
  },
  {
    "province": "แม่ฮ่องสอน",
    "district": "แม่สะเรียง",
    "postcode": "58110"
  }
]